"DOMAIN 1: Ease of Regulatory Clarity, Predictability & Accessibility",,Andhra Pradesh (Response),Andhra Pradesh (Score),Arunachal Pradesh (Response),Arunachal Pradesh (Score),Assam (Response),Assam (Score),Bihar (Response),Bihar (Score),Chhatisgarh (Response),Chhatisgarh (Score),Delhi (Response),Delhi (Score),Goa (Response),Goa (Score),Gujarat (Response),Gujarat (Score),Haryana (Response),Haryana (Score),Himachal Pradesh (Response),Himachal Pradesh (Score),Jammu and Kashmir (Response),Jammu and Kashmir (Score),Jharkhand (Response),Jharkhand (Score),Karnataka (Response),Karnataka (Score),Kerala (Response),Kerala (Score),Madhya Pradesh (Response),Madhya Pradesh (Score),Maharashtra (Response),Maharashtra (Score),Manipur (Response),Manipur (Score),Meghalaya (Response),Meghalaya (Score),Mizoram (Response),Mizoram (Score),Nagaland (Response),Nagaland (Score),Odisha (Response),Odisha (Score),Punjab (Response),Punjab (Score),Rajasthan (Response),Rajasthan (Score),Sikkim (Response),Sikkim (Score),Tamil Nadu (Response),Tamil Nadu (Score),Telangana (Response),Telangana (Score),Tripura (Response),Tripura (Score),Uttar Pradesh (Response),Uttar Pradesh (Score),Uttarakhand (Response),Uttarakhand (Score),West Bengal (Response),West Bengal (Score)
,,,0.4582142857,,0.3332142857,,0.4201785714,,0.4017857143,,0.1946428571,,0.3808928571,,0.3808928571,,0.27375,,0.4969642857,,0.4642857143,,0.4166071429,,0.4107142857,,0.3214285714,,0.5094642857,,0.2553571429,,0.335,,0.3607142857,,0.3392857143,,0.3339285714,,0.2648214286,,0.375,,0.375,,0.2946428571,,0.1964285714,,0.2232142857,,0.4732142857,,0.3964285714,,0.2892857143,,0.3160714286,,0.3160714286
1. Regulatory Transparency,Scoring Rule,,0.6071428571,,0.3928571429,,0.5357142857,,0.5,,0.25,,0.4285714286,,0.5357142857,,0.3928571429,,0.7142857143,,0.7142857143,,0.5357142857,,0.6428571429,,0.5714285714,,0.6428571429,,0.2857142857,,0.4285714286,,0.4285714286,,0.5714285714,,0.4285714286,,0.3214285714,,0.5357142857,,0.5357142857,,0.4642857143,,0.2142857143,,0.1785714286,,0.6428571429,,0.6428571429,,0.3928571429,,0.5,,0.4285714286
Availability of acts/rules in the state edu. dept. website,"Yes=1, No=0, Limited=0.5",Yes,1,Yes,1,Limited ,0.5,Yes,1,No,0,Yes,1,Yes,1,Yes,1,Yes,1,Yes,1,Yes,1,Yes,1,Limited,0.5,Yes,1,No,0,No,0,No,0,Yes,1,Yes,1,Yes,1,Limited ,0.5,Yes,1,Limited,0.5,No,0,No,0,No,0,Yes,1,No,0,Limited,0.5,Limited ,0.5
Existence of consolidated education manual in state edu dept website,"Yes=1, No=0, Limited=0.5",No,0,Limited,0.5,Limited ,0.5,Limited,0.5,No,0,No,0,Yes,1,Limited,0.5,Limited,0.5,Limited,0.5,No,0,No,0,Yes,1,No,0,No,0,No,0,No,0,No,0,No,0,No,0,Limited ,0.5,No,0,No,0,No,0,No,0,No,0,No,0,No,0,No,0,No,0
"Availability of archived circulars","Yes=1, No=0, Limited=0.5",Yes,1,No,0,Yes,1,Yes,1,No,0,Yes,1,Limited,0.5,No,0,Yes,1,Yes,1,Yes,1,Yes,1,Yes,1,Yes,1,No,0,Yes,1,Yes,1,Yes,1,Yes,1,No,0,Yes,1,Yes,1,Limited,0.5,No,0,No,0,Yes,1,Yes,1,Limited,0.5,Limited,0.5,Yes,1
Availability of non-legal guides/manuals,"Yes=1, No=0, Limited=0.5",No,0,No,0,No,0,No,0,No,0,No,0,No,0,No,0,Limited,0.5,Limited,0.5,Limited,0.5,Yes,1,No,0,Yes,1,No,0,Yes,1,No,0,Limited,0.5,No,0,Yes,1,Limited,0.5,Yes,1,Limited,0.5,No,0,No,0,Yes,1,No,0,Yes,1,No,0,No,0
Presence of FAQs section in the state website,"Yes=1, No=0, Limited=0.5",No,0,No,0,Limited ,0.5,No,0,No,0,No,0,Limited,0.5,No,0,No,0,No,0,Limited,0.5,No,0,Limited,0.5,No,0,Yes,1,No,0,No,0,No,0,No,0,No,0,No,0,No,0,No,0,No,0,No,0,Yes,1,No,0,No,0.5,Yes,1,Yes,1
Availability of checklists/templates on the portal,"Yes=1, No=0, Limited=0.5",No,0,No,0,No,0,No,0,No,0,No,0,No,0,No,0,Yes,1,Limited,0.5,No,0,No,0,Yes,1,No,0,No,0,No,0,No,0,No,0,No,0,No,0,Limited,0.5,No,0,No,0,No,0,No,0,Limited,0.5,No,0,No,0.5,No,0,No,0
Availability of search functionality in state acts and rules,"Yes=1, No=0, Limited=0.5",Yes,1,No,0,Yes,1,Yes,1,Yes,1,Yes,1,Yes,1,Yes,1,Yes,1,Yes,1,Yes,1,Limited,0.5,Yes,1,Yes,1,Limited,0.5,Limited,0.5,Yes,1,Yes,1,Yes,1,Limited,0.5,Yes,1,Limited,0.5,Yes,1,Yes,1,Limited ,0.5,Yes,1,Yes,1,Limited,0.5,Yes,1,Yes,1
"If separate categories are made for acts, rules, and regulations","Yes=1, No=0, Limited=0.5",Yes,1,Yes,1,Yes,1,Yes,1,No,0,Yes,1,Yes,1,Yes,1,Yes,1,Yes,1,Yes,1,Limited,0.5,No,0,Yes,1,No,0,Limited,0.5,No,0,Yes,1,No,0,No,0,Yes,1,Yes,1,Yes,1,No,0,No,0,Yes,1,Yes,1,No,0,Limited,0.5,Yes,1
Availability of laws in regional language(s),"Yes=1, No=0, Limited=0.5",Limited,0.5,No,0,Limited,0.5,Limited,0.5,No,0,Limited,0.5,No,0,Yes,1,Yes,1,Limited,0.5,Limited,0.5,Yes,1,No,0,Yes,1,Limited,0.5,Limited,0.5,No,0,No,0,No,0,Yes,1,Limited,0.5,Limited,0.5,Yes,1,Yes,1,No,0,Limited,0.5,Yes,1,Yes,1,Limited,0.5,No,0
Availability of unified portal/system,"Yes=1, No=0, Limited=0.5",Yes,1,No,0,No,0,No,0,Limited,0.5,Limited,0.5,No,0,No,0,Yes,1,Yes,1,Yes,1,Yes,1,Yes,1,Yes,1,No,0,Yes,1,Yes,1,Yes,1,No,0,Yes,,No,0,Yes,1,Yes,1,Limited,0.5,No,0,Yes,1,Yes,1,Limited,0.5,Limited,0.5,No,0
Presence of announcements/updates section,"Yes=1, No=0, Limited=0.5",Yes,1,Yes,1,Limited,0.5,Yes,1,Yes,1,No,0,Limited,0.5,No,0,Yes,1,Yes,1,Yes,1,Yes,1,Yes,1,Yes,1,Yes,1,Limited,0.5,Yes,1,Yes,1,Yes,1,No,0,No,0,No,0,No,0,Limited,0.5,No,0,Limited,0.5,Yes,1,No,0,Limited,0.5,Limited,0.5
Availability of query/feedback submission mechanism,"Yes=1, No=0, Limited=0.5",Yes,1,Yes,1,Yes,1,No,0,No,0,No,0,Yes,1,No,0,Yes,1,Yes,1,No,0,Yes,1,No,0,Yes,1,Yes,1,Yes,1,Yes,1,Yes,1,Yes,1,No,0,Yes,1,Limited,0.5,Yes,1,No,0,Yes,1,Limited,0.5,Yes,1,No,0,Yes,1,No,0
Availability of helpline/contact information,"Yes=1, No=0, Limited=0.5",Yes,1,Yes,1,Yes,1,Yes,1,Yes,1,Yes,1,Yes,1,Yes,1,Yes,,Yes,1,No,0,Yes,1,Yes,1,No,0,No,0,No,0,Yes,1,Limited,0.5,Yes,1,Yes,1,Yes,1,Yes,1,No,0,No,0,Yes,1,Yes,1,Yes,1,Yes,1,Yes,1,Yes,1
"Prescribed timeline within which the fee regulatory committee will make its decision (Yes, No, Maybe, Not Mentioned) ","Yes=1, No=0, Maybe=0.5, Not Mentioned=0",Yes,0,Not Mentioned,0,Not Mentioned,0,Not Mentioned,0,Yes,1,Yes,1,Not Mentioned,0,Yes,1,Not Mentioned,0,Not Mentioned,0,Not Mentioned,0,yes,1,Not Mentioned,0,Not Mentioned,0,Yes,1,Yes,1,Not Mentioned,0,Not Mentioned,0,Not Mentioned,0,Not Mentioned,0,Not Mentioned,0,Not Mentioned,0,Yes,1,Not Mentioned,0,Not Mentioned,0,Not Mentioned,0,Not Mentioned,0,Yes,1,Not Mentioned,0,Not Mentioned,0
,,,,,,,,,,,,,,,,,,,,,,,,,,,,,,,,,,,,,,,,,,,,,,,,,,,,,,,,,,,,,
2. Procedural Predictability,,,0.3092857143,,0.2735714286,,0.3046428571,,0.3035714286,,0.1392857143,,0.3332142857,,0.2260714286,,0.1546428571,,0.2796428571,,0.2142857143,,0.2975,,0.1785714286,,0.07142857143,,0.3760714286,,0.225,,0.2414285714,,0.2928571429,,0.1071428571,,0.2392857143,,0.2082142857,,0.2142857143,,0.2142857143,,0.125,,0.1785714286,,0.2678571429,,0.3035714286,,0.15,,0.1857142857,,0.1321428571,,0.2035714286
Visibility of date of passing of state education laws ,"Yes=1, No=0",Yes,1,Yes,1,Yes,1,Yes,1,Limited ,0.5,Yes,1,Yes,1,Yes,1,Yes,1,Yes,1,Yes,1,Yes,1,Yes,1,Yes,1,Yes,1,Yes,1,Yes,1,Yes,1,Yes,1,Yes,1,Yes,1,Yes,1,No,0,Yes,1,Limited ,0.5,Yes,1,Yes,1,Yes,1,Yes,1,Yes,1
If the updates/news have been recently published ,"Yes=1, No=0, Limited=0.5",Yes,1,Yes,1,No,0,Yes,1,Yes,1,Limited,0.5,No,0,Yes,1,Yes,1,Yes,1,Limited,0.5,Yes,1,Yes,1,Yes,1,No,0,Limited,0.5,Limited,0.5,Yes,1,Limited,0.5,No,0,No,0,Yes,1,Limited,0.5,Yes,1,No,0,No,0,No,0,No,0,Limited,0.5,No,0
 Validity of permission to establish (<3years/Conditional/Lifetime/Not Mentioned),"Lifetime=1, <3 Year=0, Conditional=0.5, Not Mentioned= 0",<3 years,0,Not mentioned ,0,<3 years,0,Not Mentioned,0,Not Mentioned,0,Not Mentioned,0,Not Mentioned ,0,Not Mentioned ,0,<3 years,0,Not Mentioned,0,Not Mentioned,0,Not Mentioned,0,Not Mentioned,0,Not Mentioned,0,Not Mentioned,0,Not Mentioned,0,< 3 years,0,Not Mentioned,0,Not Mentioned,0,Not Mentioned,0,Not Mentioned,0,Not Mentioned,0,Not Mentioned,0,Not Mentioned,0,Not Mentioned,0,<3 years,0,Not Mentioned,0,Not Mentioned,0,Not Mentioned,0,Not Mentioned,0
"Time limitation for permission to dispose/process the application (<45 Days, <90 days/ No time limits/ Not mentioned)","<45 Days=1, <90 days=0.5, No time limits=0, Not Mentioned=0",<90 days,0.5,Not mentioned ,0,Not mentioned ,0,Not Mentioned,0,Not Mentioned,0,Not Mentioned,0,Not Mentioned ,0,Not Mentioned ,0,<90 days,0.5,Not Mentioned,0,<45 days,1,Not Mentioned,0,Not Mentioned,0,<45 days,1,Not Mentioned,0,Yes,,4 months,0.5,Not Mentioned,0,Not Mentioned,0,Not Mentioned,0,Not Mentioned,0,Not Mentioned,0,Not Mentioned,0,Not Mentioned,0,Not Mentioned,0,No Time limits,0,Not Mentioned,0,Not Mentioned,0,Not Mentioned,0,Not Mentioned,0
Consequences for the lapse of time period to process the application for permission to establish (Deemed Approval/Refiling /Rejection/Not Mentioned).,"Deemed Approval=1, Refiling=0.5, Rejection=0, Not Mentioned=0",Not Mentioned,0,Not mentioned ,0,Not mentioned ,0,Not Mentioned,0,Not Mentioned,0,Not Mentioned,0,Not Mentioned ,0,Not Mentioned ,0,Deemed Approval,1,Not Mentioned,0,Not Mentioned,0,Not Mentioned,0,Not Mentioned,0,Not Mentioned,0,Not Mentioned,0,Not Mentioned,0,Not Mentioned,0,Not Mentioned,0,Not Mentioned,0,Not Mentioned,0,Not Mentioned,0,Not Mentioned,0,Not Mentioned,0,Not Mentioned,0,Not Mentioned,0,Not Mentioned,0,Not Mentioned,0,Not Mentioned,0,Not Mentioned,0,Not Mentioned,0
Authority for scrutinising applications for permission to establish schools (Local Level Officer/District Level Officer/State Level Officer/Not Mentioned),"Local Level Officer=1, District Level Officer=0.5, State Level Officer=0, Not Mentioned=0",Not Mentioned,0,Not mentioned ,0,State Level Officer,0,District Level Officer,0.5,Not Mentioned,0,State Level Officer,0,State Level Officer ,0,State Level Officer ,0,State Level Officer ,0,Not Mentioned,0,District level officer,0.5,Not Mentioned,0,Not Mentioned,0,State Level Officer ,0,Not Mentioned,0,Yes,,Not Mentioned,0,State Level Officer ,0,State Level Officer,0,State Level Officer,0,Not Mentioned,0,Not Mentioned,0,Not Mentioned,0,Not Mentioned,0,Not Mentioned,0,District Level Officer,0.5,Not Mentioned,0,Not Mentioned,0,Not Mentioned,0,Not Mentioned,0
Requirement of renewal of application for permission to establish (Yes/No/Maybe/Not Mentioned),"Yes=0, No=1, Not Mentioned=0, Maybe=0.5",Yes,0,Not mentioned ,0,Not mentioned ,0,Not Mentioned,0,Not Mentioned,0,Not Mentioned,0,Not Mentioned ,0,Not Mentioned ,0,Yes,0,Not Mentioned,0,Not Mentioned,0,Not Mentioned,0,Not Mentioned,0,Not Mentioned,0,Not Mentioned,0,Not Mentioned,0,Not Mentioned,0,Not Mentioned,0,Not Mentioned,0,Not Mentioned,0,Not Mentioned,0,Not Mentioned,0,Not Mentioned,0,Not Mentioned,0,Not Mentioned,0,Yes,0,Not Mentioned,0,Not Mentioned,0,Not Mentioned,0,Not Mentioned,0
"If Authority for approving Upgradation/Expansion is specified (Local Level Officer/District Level Officer/State Level Officer, Not Mentioned)","Local Level Officer=,1 District Level Officer=0.66, State Level Officer=0.33, Not Mentioned=0",Not Mentioned ,0,Not Mentioned ,0,State Level Officer,0.33,District Level Officer,,Not Mentioned,0,State Level Officer,0.33,State Level Officer,0.33,State Level Officer,0.33,State Level Officer,0.33,District Level Officer,,State Level Officer,0.33,Not Mentioned,0,Not Mentioned,0,State Level Officer,0.33,Not Mentioned,0,Not Mentioned,0,Not Mentioned,0,State Level Officer ,,Not Mentioned,0,State Level Officer,0.33,Unclear,,Not Mentioned,0,Not Mentioned,0,Not Mentioned,0,Not Mentioned,0,Yes,,Not Mentioned,0,District Level Officer,,District Level Officer,,Yes,
"Time limitation for disposal of applications for upgradation of schools (<45 Days, <90 days, <120 days, Not mentioned)","<45 Days=1, <90 days=0.66, <120 days =0.33 Not Mentioned=0",<90 Days,0.66,<90 days,0.66,Not Mentioned,,Not Mentioned,,Not Mentioned,,Not Mentioned,,Not Mentioned,,Not Mentioned,,Not Mentioned,,Not Mentioned,,Not Mentioned,,Not Mentioned,,Not Mentioned,,< 45 days,,Not Mentioned,,<90 days,0.66,< 4 months,,Not Mentioned,,Not Mentioned,,Not Mentioned,,Not Mentioned,,Not Mentioned,,Not Mentioned,,Not Mentioned,,Not Mentioned,,Yes,,Not Mentioned,,Not Mentioned,,Not Mentioned,,Yes,
Existence of a formal checklist/criteria for recognition (Yes/No/Maybe/Not Mentioned),"Yes=1, No=0, Maybe=0.5, Not Mentioned=0",Yes,1,Yes,1,Yes,1,Yes,1,Not Mentioned,0,Yes,1,Yes,1,Not Mentioned,0,Yes,1,Not Mentioned,0,Yes,1,Yes,1,Not Mentioned,0,Yes,1,Yes,1,Yes,1,Not Mentioned,0,Not Mentioned,0,Yes,1,Yes,1,Not Mentioned,0,Yes,1,Not Mentioned,0,Yes,1,Yes,1,Yes,1,Yes,1,Yes,1,Not Mentioned,0,Yes,1
Existence of a prescribed procedure to get recognition (Yes/No/Maybe/Not Mentioned) ,"Yes=1, No=0, Maybe=0.5, Not Mentioned=0",Yes,1,Yes,1,Yes,1,Yes,1,Not Mentioned,0,Yes,1,Yes,1,Yes,1,Yes,1,Not Mentioned,0,Yes,1,Yes,1,Not Mentioned,0,Yes,1,Yes,1,Yes,1,Yes,1,Not Mentioned,0,Yes,1,Yes,1,Not Mentioned,0,Yes,1,Yes,1,Yes,1,Yes,1,Yes,1,Yes,1,Yes,1,Not Mentioned,0,Yes,1
"Existence of a prescribed inspection procedure after recognition (Yes, No, Maybe/Not mentioned)","Yes=1, No=0, Maybe=0.5, Not Mentioned=0",Not Mentioned,0,Not mentioned ,0,Not Mentioned,0,Not Mentioned,0,Not Mentioned,0,Yes,1,Yes,1,Not Mentioned,0,Not Mentioned,0,Yes,1,Yes,1,Not Mentioned,0,Not Mentioned,0,Yes,1,Yes,1,Yes,1,Not Mentioned,0,Not Mentioned,0,Yes,1,Not Mentioned,0,Not Mentioned,0,Not Mentioned,0,Not Mentioned,0,Not Mentioned,0,Not Mentioned,0,Yes,1,Not Mentioned,0,Not Mentioned,0,Yes,1,Not Mentioned,0
Responsibility of schools to bear inspection costs (Yes/No/May/Not Mentioned),"Yes=0, No=1, Maybe=0.5, Not Mentioned=0",Yes,0,Maybe,0.5,Not Mentioned,0,Not Mentioned,0,Not Mentioned,0,Maybe,0.5,Not Mentioned,0,Not Mentioned,0,Not Mentioned,0,Not Mentioned,0,Not Mentioned,0,Not Mentioned,0,Yes,0,Not Mentioned,0,Maybe,0.5,Not Mentioned,0,Not Mentioned,0,Not Mentioned,0,Not Mentioned,0,Not Mentioned,0,Yes,0,Not Mentioned,0,Not Mentioned,0,Not Mentioned,0,Yes,0,Yes,0,Not Mentioned,0,Not Mentioned,0,Not Mentioned,0,Not Mentioned,0
"Allowance to conduct special inspections (Yes, No, Maybe, Not mentioned)","Yes=0, No=1, Maybe=0.5, Not Mentioned=0",Yes,0,Not Mentioned,0.5,Not Mentioned,0,Not Mentioned,0,Not Mentioned,0,Yes,0,Yes,0,Not Mentioned,0,Yes,0,Not Mentioned,0,Not Mentioned,0,Not Mentioned,0,Not Mentioned,0,Yes,0,Yes,0,Not Mentioned,0,Yes,0,Yes,0,Yes,0,Not Mentioned,0,Not Mentioned,0,Not Mentioned,0,Not Mentioned,0,Not Mentioned,0,Yes,0,Not Mentioned,0,Not Mentioned,0,Not Mentioned,0,Not Mentioned,0,Maybe,0.5
"Competent authority/authorities for inspecrion- (Director as a sole authority for inspection, Any other authority as the sole authority for inspection (eg -Sub-Inspector, Director of Medical Services or Health Officer, Executive Engineer of the Public Health Engineering Department, The District Transport Officer, State government or Director to authorise a team for inspection (experts on subjects taught in schools; district-level team consisting of nominees from Board, Council, District Inspectors, district level inspectors, accounts perspon, physical education etc, (Nominee of Board, Not mentioned)  ","1. Single / Central Authority (Director as a sole authority for inspection, District Education Officer, Any Other Authority)= 0.2

2. Mid-Level Administrative Authorities (Deputy Director of Education, District Education Officer, District Inspector of Schools, Director, Deputy Director, Joint Director)=0.4

3. Multi-Level Administrative Committees (Divisional Chairman, Education Inspector/Officer, Regional Deputy Director, Deputy Director of Education, Director)=0.6

4. Representative Bodies (Director of Education, Educationists, Civil Society Representatives, Media, Government Representatives, District Inspector, Nominee of Board, Nominee of Council, Nominee of Madrasah)=0.8

5. Discretionary Power/Not Mentioned = 0

6. No Inspection Required=1",Not Mentioned,0,Not Mentioned ,0,"Central Authority

(Director as a sole authority for inspection)",0.2,Not Mentioned,0,"Mid-Level Administrative Authority

(District Education Officer)",0.4,Not Mentioned,0,Not Mentioned,0,"Discretionary Power

(Any Other Authority)",0,"Discretionary Power

(Any Other Authority)",0,Discretionary Power (Any Other Authority),0,Not Mentioned,0,Not Mentioned,0,Not Mentioned,0,"Central Authority and Mid-Level Admin Authorities 

(Deputy Director of Education, District Education Officer)",0.2,"Representative Bodies

(Educationists, civil society representatives, media and government representatives)",0.8,"Multi Level Authority, (Divisional Chairman, Education Inspector/Officer, or Regional Deputy Director, Deputy Director of Education, Director)",0.6,"Central Authority, Representative Bodies,  (Director of Education, Educationists, Civil Society Representatives, Media, and Government representatives)",0.2,Not Mentioned,0,Central Authority (Director),0.2,Not Mentioned,0,Not Mentioned,0,Not Mentioned,0,Not Mentioned,0,Not Mentioned,0,Not Mentioned,0,Not Mentioned,0,Central Authority (District Education Officer),0.2,"Central Authority, Mid-Level Admin Authority, (District Inspector of school, Director, Deputy Director, Joint Director)",0.2,Central Authority (Director as a sole authority for inspection),0.2,"Central Authority, Representative Bodies (District Inspector, Nominee of Board, Nominee of Council, Nominee of Madrasah)",0.2
If the procedure for reimbursements under Section 12 of the RTE exists (Yes/No/Maybe/Not Mentioned),"Yes=1, No=0, Maybe=0.5, Not Mentioned=0",Yes,1,Yes,1,Yes,1,Yes,1,Not Mentioned,0,Yes,1,Yes,1,Yes,1,Yes,1,Yes,1,Yes,1,Yes,1,Not Mentioned,0,Yes,1,Not Mentioned,0,Yes,1,Yes,1,Yes,1,Yes,1,Yes,1,Yes,1,Yes,1,Yes,1,Yes,1,Yes,1,Yes,1,Yes,1,Yes,1,Yes,1,Yes,1
Existence of statutory provisions for the timely reimbursement to Pvt. Schools (Yes/No/Maybe/Not Mentioned),"Yes=1, No=0, Maybe=0.5, Not Mentioned=0",Yes,1,Not mentioned,0,Yes,1,Not Mentioned,0,Not Mentioned,0,Not Mentioned,0,Yes,1,Not Mentioned,0,Yes,1,Yes,1,Yes,1,Not Mentioned,0,Not Mentioned,0,Yes,1,Yes,1,Not Mentioned,0,Yes,1,Not Mentioned,0,Yes,1,Yes,1,Not Mentioned,0,Yes,1,Yes,1,Not Mentioned,0,Yes,1,Yes,1,Not Mentioned,0,Yes,1,Not Mentioned,0,Yes,1
Consequences for untimely reimbursement to Pvt. Schools (Penalties/Warning/Maybe/Not Mentioned),"Penalties=1, Warning=0.66, Maybe=0.33, Not Mentioned=0",Not Mentioned,0,Not mentioned,0,Not Mentioned,0,Not Mentioned,0,Not Mentioned,0,Not Mentioned,0,Not Mentioned,0,Not Mentioned,0,Not Mentioned,0,Not Mentioned,0,Not Mentioned,0,Not Mentioned,0,Not Mentioned,0,Not Mentioned,0,Not Mentioned,0,Not Mentioned,0,Not Mentioned,0,Not Mentioned,0,Not Mentioned,0,Not Mentioned,0,Not Mentioned,0,Not Mentioned,0,Not Mentioned,0,Not Mentioned,0,Not Mentioned,0,Not Mentioned,0,Not Mentioned,0,Not Mentioned,0,Not Mentioned,0,Not Mentioned,0
Prescribed time limit for renewal of Board affiliation (1 Month/6 Months/1 Year/Not Mentioned),"1 Month=1, 6 Months=0.5, 1 Year=0 Not Mentioned=0",Not mentioned ,0,Not mentioned ,0,Not mentioned ,,Not mentioned ,,Not mentioned ,,Not Mentioned,, Not Mentioned,, Not Mentioned,,2 Year,,Not Mentioned,,Not Mentioned,,1 Year,0,Not Mentioned,0,Not Mentioned,,Not Mentioned,,Not Mentioned,,Not Mentioned,,Not Mentioned,,Not Mentioned,,Not Mentioned,,Not Mentioned,,Not Mentioned,,Not Mentioned,,Not Mentioned,,Not Mentioned,,Not Mentioned,,Not Mentioned,,Not Mentioned,,Not Mentioned,,Not Mentioned,
"Authority empowered to order shut down schools and procedure involved (Yes, No, Maybe, Not mentioned)","Yes=0, No=1, Maybe=0.5, Not Mentioned=0",Yes,0,Not Mentioned,0,Yes,0,Yes,0,Not Mentioned,0,Yes,0,Not Mentioned,0,Not Mentioned,0,Not Mentioned,0,Not Mentioned,0,Yes,0,Not Mentioned,0,Not Mentioned,0,Yes,0,Not Mentioned,0,Not Mentioned,0,Yes,0,Not Mentioned,0,Not Mentioned,0,Maybe,0.5,Yes,0,Not Mentioned,0,Not Mentioned,0,Not Mentioned,0,Yes,0,Not Mentioned,0,Not Mentioned,0,Not Mentioned,0,Not Mentioned,0,Not Mentioned,0
"If schools are shut down after take over of property (Yes, No, Maybe, Not mentioned)","Yes=0, No=1, Maybe=0.5, Not Mentioned=0",Not Mentioned,0,Not Mentioned,0,Not Mentioned,0,Not Mentioned,0,Not Mentioned,0,Yes,0,Not Mentioned,0,Not Mentioned,0,Not Mentioned,0,Not Mentioned,0,Not Mentioned,0,Not Mentioned,0,Not Mentioned,0,Not Mentioned,0,Not Mentioned,0,Not Mentioned,0,Not Mentioned,0,Not Mentioned,0,Not Mentioned,0,Not Mentioned,0,Not Mentioned,0,Not Mentioned,0,Not Mentioned,0,Not Mentioned,0,Not Mentioned,0,Not Mentioned,0,Not Mentioned,0,Not Mentioned,0,Not Mentioned,0,Not Mentioned,0
"Requirement to provide prior notice (Yes, No, Maybe, Not mentioned)","Yes=1, No=0, Maybe=0.5, Not Mentioned=0",Yes,1,Yes,1,Yes,1,Yes,1,Yes,1,Yes,1,Not Mentioned,0,Not Mentioned,0,Not Mentioned,0,Yes,1,Not Mentioned,0,Not Mentioned,0,Not Mentioned,0,Not Mentioned,0,Not Mentioned,0,Not Mentioned,0,Yes,1,Not Mentioned,0,Not Mentioned,0,Not Mentioned,0,Yes,1,Not Mentioned,0,Not Mentioned,0,Not Mentioned,0,Yes,1,Yes,1,Not Mentioned,0,Not Mentioned,0,Not Mentioned,0,Not Mentioned,0
"Existence of Opportunity for the school to be heard (Yes, No, Maybe, Not mentioned)","Yes=1, No=0, Maybe=0.5, Not Mentioned=0",Not Mentioned,0,Yes,0,Yes,1,Yes,1,Yes,1,Yes,1,Not Mentioned,0,Not Mentioned,0,Not Mentioned,0,Not Mentioned,0,Not Mentioned,0,Not Mentioned,0,Not Mentioned,0,Yes,1,Not Mentioned,0,Not Mentioned,0,Yes,1,Not Mentioned,0,Not Mentioned,0,Not Mentioned,0,Yes,1,Not Mentioned,0,Not Mentioned,0,Not Mentioned,0,Yes,1,Yes,1,Not Mentioned,0,Not Mentioned,0,Not Mentioned,0,Not Mentioned,0
"Requirement of a reasoned/written order (Yes, No, Maybe, Not mentioned)","Yes=1, No=0, Maybe=0.5, Not Mentioned=0",Not Mentioned,0,Not Mentioned,0,Yes,1,Yes,1,Not Mentioned,0,Yes,1,Not Mentioned,0,Not Mentioned,0,Not Mentioned,0,Not Mentioned,0,Not Mentioned,0,Not Mentioned,0,Not Mentioned,0,Yes,1,Not Mentioned,0,Not Mentioned,0,Yes,1,Not Mentioned,0,Not Mentioned,0,Not Mentioned,0,Yes,1,Not Mentioned,0,Not Mentioned,0,Not Mentioned,0,Yes,1,Not Mentioned,0,Not Mentioned,0,Not Mentioned,0,Not Mentioned,0,Not Mentioned,0
"Existence of a mechanism for parents to file complaints regarding fees or related practices (Yes, No, Maybe, Not Mentioned)","Yes=0, No=1, Maybe=0.5, Not Mentioned=0",Not Mentioned,0,Not Mentioned,0,Yes,0,Yes,0,Yes,0,Yes,0,Not Mentioned,0,Yes,0,Yes,0,Not Mentioned,0,Not Mentioned,0,Yes,0,Not Mentioned,0,Not Mentioned,0, Not Mentioned,,Yes,0,Not Mentioned,0,Not Mentioned,0,Not Mentioned,0,Not Mentioned,0,No,1,Yes,0,Not Mentioned,0,Not Mentioned,0,Not Mentioned,0,Not Mentioned,0,Not Mentioned,0,Yes,0,Not Mentioned,0,Not Mentioned,0
" If the norms/procedures for annual or periodic fee hikes are prescribed (Yes, No, Maybe, Not mentioned)","Yes=0, No=1, Maybe=0.5, Not Mentioned=0",Maybe,0.5,Maybe,0,Yes,0,Yes,0,Not Mentioned,0,Yes,0,Not Mentioned,0,Yes,0,Yes,0,Yes,0,Not Mentioned,0,Not Mentioned,0,Not Mentioned,0,Not Mentioned,0,Yes,0,Yes,0,Not Mentioned,0,Not Mentioned,0,Yes,0,Not Mentioned,0,Not Mentioned,0,Yes,0,Yes,0,Not Mentioned,0,Not Mentioned,0,Yes,0,Not Mentioned,0,Yes,0,Not Mentioned,0,Not Mentioned,0
Exemptions and flexibilities of government schools from requirements of recognition (Yes/No/Not Mentioned/Discretion),"Yes=0, No=1, Not Mentioned=0, Discretion=0.5",Not Mentioned,0,Yes,0,Not Mentioned,0,Not Mentioned,0,Yes,0,Not Mentioned,0,Yes,0,Yes,0,Yes,0,Yes,0,Not Mentioned,0,Discretion,0.5,Yes,0,Yes,0,Not Mentioned,0,Nor Mentioned,,Not Mentioned,0,Not Mentioned,0,Not Mentioned,0,Not Mentioned,0,Discretion,0.5,Not Mentioned,0,Yes,0,Not Mentioned,0,Yes,0,Yes,0,Yes,0,Not Mentioned,0,Yes,0,Not Mentioned,0
,,,,,,,,,,,,,,,,,,,,,,,,,,,,,,,,,,,,,,,,,,,,,,,,,,,,,,,,,,,,,
DOMAIN 2: Ease of Regulatory Compliance,,,0.4380952381,,0.4086904762,,0.3805952381,,0.3528571429,,0.3610714286,,0.3095238095,,0.2976190476,,0.2976190476,,0.2947619048,,0.2854761905,,0.2182142857,,0.2457142857,,0.3333333333,,0.4066666667,,0.1367857143,,0.2241666667,,0.3211904762,,0.4404761905,,0.2775,,0.3352380952,,0.3333333333,,0.2955952381,,0.2854761905,,0.2239285714,,0.2703571429,,0.4751190476,,0.3313095238,,0.2241666667,,0.3271428571,,0.2975
1. Compliances during school establishment,,,0.4,,0,,0,,0,,0,,0,,0,,0,,0.3,,0,,0,,0,,0,,0,,0,,0,,0,,0,,0,,0,,0,,0,,0,,0,,0.2,,0.3,,0,,0,,0,,0
Requirement of NoC from Local Govt./Authority (Yes/No/Maybe/Not Mentioned),"Yes=0, No=1, Maybe=0.5, Not Mentioned=0",Yes,1,Not Mentioned,0,Not Mentioned,0,Not Mentioned,0,Not Mentioned,0,Not Mentioned,0,Not Mentioned,0,Not Mentioned,0,Yes,0,Not Mentioned,0,Yes,0,Not Mentioned,0,Not Mentioned,0,Yes,0,Not Mentioned,0,Not Mentioned,0,Not Mentioned,0,Not Mentioned,0,Not Mentioned,0,Not Mentioned,0,Not Mentioned,0,Not Mentioned,0,Not Mentioned,0,Not Mentioned,0,Not Mentioned,0,Yes,0,Not Mentioned,0,Not Mentioned,0,Not Mentioned,0,Not Mentioned,0
Requirement for Essentiality Certificate for establishing a School (Yes/No/Maybe/Not Mentioned),"Yes=0, No=1, Maybe=0.5, Not Mentioned=0",Yes,0,Not mentioned,0,Not Mentioned,0,Not Mentioned,0,Not Mentioned,0,Yes,0,Not Mentioned,0,Not Mentioned,0,Not Mentioned,0,Yes,0,Not Mentioned,0,Not Mentioned,0,Not Mentioned,0,Not Mentioned,0,Not Mentioned,0,Not Mentioned,0,Yes,0,Not Mentioned,0,Not Mentioned,0,Not Mentioned,0,Not Mentioned,0,Not Mentioned,0,Not Mentioned,0,Not Mentioned,0,Not Mentioned,0,Maybe,0.5,Not Mentioned,0,Not Mentioned,0,Not Mentioned,0,Not Mentioned,0
"Land use Certificate (Yes/No/Maybe/Not Mentioned)
        a. Urban: (<2000/>2000/<3000/>3000 sq mt)
        b. Rural: (<1000/>1000/<2000/>2000 sq mt)","Yes=0, No=1, Maybe=0.5, Not Mentioned=0",Not Mentioned,0,Not mentioned,0,"Yes
Urban: <2000
Rural: >2000 sq mt",0,Not Mentioned,0,Not Mentioned,0,Not Mentioned,0,Not Mentioned,0,Not Mentioned,0,Not Mentioned,0,Yes,0,Not Mentioned,0,Not Mentioned,0,Not Mentioned,0,Not Mentioned,0,Yes,0,Not Mentioned,0,Not Mentioned,0,Not Mentioned,0,Not Mentioned,0,Not Mentioned,0,Not Mentioned,0,Not Mentioned,0,Not Mentioned,0,Not Mentioned,0,Not Mentioned,0,Not Mentioned,0,Not Mentioned,0,Not Mentioned,0,Not Mentioned,0,Not Mentioned,0
"Application fee amount (<Rs. 3000, >3000, Not Mentioned, Depends <Types of School, Location>)","<Rs. 3000=1, >Rs. 3000=0, Not Mentioned=0, Depends= 0.5 (map the lowest value)",<Rs. 3000,1,Not Mentioned,0,Not Mentioned,0,Not Mentioned,0,Not Mentioned,0,Not Mentioned,0,Not Mentioned,0,Not Mentioned,0,<3000,1,Not Mentioned,0,Not Mentioned,0,Not Mentioned,0,Not Mentioned,0,Not Mentioned,0,Not Mentioned,0,Not Mentioned,0,Not Mentioned,0,Not Mentioned,0,Not Mentioned,0,Not Mentioned,0,Not Mentioned,0,Not Mentioned,0,Not Mentioned,0,Not Mentioned,0,<3000,1,<Rs 3000,1,Not Mentioned,0,Not Mentioned,0,Not Mentioned,0,Not Mentioned,0
"Amount for security or Pledge (<Rs. 3000, >3000, Not Mentioned, Depends (Types of School, Location)","<Rs. 3000=1, >Rs. 3000=0, Not Mentioned=0, Depends= 0.5",> Rs. 3000,0,Not Mentioned,0,Not Mentioned,0,Not Mentioned,0,Not Mentioned,0,Not Mentioned,0,Not Mentioned,0,Not Mentioned,0,Depends,0.5,Not Mentioned,0,Not Mentioned,0,Not Mentioned,0,Not Mentioned,0,Not Mentioned,0,Not Mentioned,0,Not Mentioned,0,Not Mentioned,0,Not Mentioned,0,Not Mentioned,0,Not Mentioned,0,Not Mentioned,0,Not Mentioned,0,Not Mentioned,0,Not Mentioned,0,>3000,0,Not Mentioned,0,Not Mentioned,0,Not Mentioned,0,Not Mentioned,0,Not Mentioned,0
,,,,,,,,,,,,,,,,,,,,,,,,,,,,,,,,,,,,,,,,,,,,,,,,,,,,,,,,,,,,,
2. Infrastructure Norms for School Recognition ,,,0.1666666667,,0.1941666667,,0.1658333333,,0.1383333333,,0.1108333333,,0.25,,0.1666666667,,0.1666666667,,0.18,,0.1666666667,,0.1108333333,,0.055,,0.1666666667,,0.18,,0.1241666667,,0.1525,,0.1666666667,,0.1666666667,,0.1108333333,,0.18,,0.1666666667,,0.1525,,0.1666666667,,0.1525,,0.1108333333,,0.1941666667,,0.1525,,0.1525,,0.2083333333,,0.0825
Requirement of NoC (Yes/No/Maybe/Not Mentioned) -,"Yes=0, No=1, Maybe=0.5, Not Mentioned=0",Not Mentioned,0,Not Mentioned,0,Not Mentioned,0,Not Mentioned,0,Not Mentioned,0,Not Mentioned,0,Not Mentioned,0,Not Mentioned,0,Yes,0,Not Mentioned,0,Not Mentioned,0,Not Mentioned,0,Not Mentioned,0,Not Mentioned,0,Not Mentioned,0,Not Mentioned,0,Not Mentioned,0,Not Mentioned,0,Not Mentioned,0,Not Mentioned,0,Not Mentioned,0,Not Mentioned,0,Not Mentioned,0,Not Mentioned,0,Yes,0,Not Mentioned,0,Not Mentioned,0,Not Mentioned,0,Not Mentioned,0,Not Mentioned,0
Minimum size of land (less than equals to1 Acre/ less than equals to 2 Acres/>2 Acres/Not Mentioned),"Less than equals to1 Acre=0.66, Less than equals to 2 Acres=0.33, >2 Acres=0, Not Mentioned=1",Not Mentioned,1,Not Mentioned,1,<1 Acre,0.66,<1 Acres,0.66,Not Mentioned,1,Not Mentioned,1,Not Mentioned,1,Not Mentioned,1,<1 Acre,0.66,Not Mentioned,1,Not Mentioned,1,>2 acres,0.33,Not Mentioned,1,< 1 Acre,0.66,<1 Acre,0.66,Not Mentioned,1,Not Mentioned,1,Not Mentioned,1,Not Mentioned,1,<1 acre ,0.66,Not Mentioned,1,Not Mentioned,1,Not Mentioned,1,Not Mentioned,1,Not Mentioned,1,Not Mentioned,1,Not Mentioned,1,Not Mentioned,1,Not Mentioned,1,<1 acre,0.66
Infrastructure Required:,,,,,,,,,,,,,,,,,,,,,,,,,,,,,,,,,,,,,,,,,,,,,,,,,,,,,,,,,,,,,
Size of Classrooms (Yes/No/Discretion/Not Mentioned),"Yes=0, No=1, Maybe=0.5, Not Mentioned=0",Yes,0,Maybe,0.5,Maybe,0.5,Yes,0,Yes,0,No,1,Not Mentioned,0,Yes,0,Yes,0,Not Mentioned,0,Yes,0,Yes,0,Yes,0,Yes,0,Maybe,0.5,Maybe,0.5,Not Mentioned,0,Not Mentioned,0,Not Mentioned,0,Maybe,0.5,Not Mentioned,0,Maybe,0.5,Yes,0,Maybe,0.5,Yes,0,Maybe,0.5,Not Mentioned,0,Maybe,0.5,Maybe,0.5,Yes,0
"Limitations of classroom sections, if any (Yes/No/Discretion/Not Mentioned)","Yes=0, No=1, Discretion=0.5, Not Mentioned=0",Not Mentioned,0,Not Mentioned,0,Not Mentioned,0,Not Mentioned,0,Yes,0,Not Mentioned,0,Not Mentioned,0,Not Mentioned,0,No,1,Not Mentioned,0,Not Mentioned,0,Not Mentioned,0,Yes,0,Not Mentioned,0,Not Mentioned,0,Not Mentioned,0,Not Mentioned,0,Not Mentioned,0,Not Mentioned,0, Not Mentioned,,Not Mentioned,0,Maybe,,Not Mentioned,0,Maybe,,Not Mentioned,0,Not Mentioned,0,Not Mentioned,0,Maybe,,Maybe,,Maybe,
Requirement to have a Playground (Yes/No/Not Mentioned/Discretion),"Yes=0, No=1, Discretion=0.5, Not Mentioned=0",Discretion,0.5,Discretion,0.5,,,Yes,0,Yes,0,Yes,0,Not Mentioned,0,Yes,0,Yes,0,Not Mentioned,0,Discretion ,,Not Mentioned,0,Yes,0,Yes,0,Discretion ,,Discretion ,,Yes,0,Yes,0,Yes,0,Maybe,,Yes,0,Not Mentioned ,,Yes,0,Maybe,,Yes,0,Maybe,,Discretion,0.5,Not Mentioned,0,Not Mentioned,0,Yes,0
No. of sports equipment required (Yes/No/Not Mentioned/Discretion),"Yes=0, No=1, Discretion=0.5, Not Mentioned=0",Not Mentioned,0,Yes,0,Not Mentioned,0,Not Mentioned,0,Yes,0,Not Mentioned,0,Not Mentioned,0,Not Mentioned,0,Discretion,0.5,Not Mentioned,0,Not Mentioned,0,Not Mentioned,0,Not Mentioned,0,Discretion,0.5,Discretion ,,Yes,0,Not Mentioned,0,Not Mentioned,0,Yes,0,Maybe,,Not Mentioned,0,Maybe,,Not Mentioned,0,Maybe,,Not Mentioned,0,Maybe,,Not Mentioned,0,Maybe,,Maybe,,Not Mentioned,0
Size of Library (Yes/No/Not Mentioned/Discretion),"Yes=0, No=1, Discretion=0.5, Not Mentioned=0",Not Mentioned,0,Not Mentioned,0,Discretion,0.5,Yes,0,Yes,0,Not Mentioned,0,Not Mentioned,0,Not Mentioed,,,,Not Mentioned,0,Yes,0,Not Mentioned,0,Not Mentioned,0,Not Mentioned,0,Discretion ,,Discretion ,,Not Mentioned,0,Not Mentioned,0,Yes,0,Maybe,,Not Mentioned,0,Maybe,,Not Mentioned,0,Maybe,,Yes,0,Not Mentioned,0,Not Mentioned,0,Not Mentioned,0,Not Mentioned,0,Not Mentioned,0
"No. of books, newspapers, etc. required in the library, (<1000/ <5000/ Not Mentioned/ Discretion)","<1000=0, <5000=0.66, Not Mentioned=1, Discretion=0.33",Discretion,0.5,Discretion,0.33,Discretion,0.33,Not Mentioned,1,Discretion,0.33,Not Mentioned,1,Not Mentioned,1,Not Mentioned,1,<1000,0,Not Mentioned,1,Discretion ,0.33,Discretion,0.33,Not Mentioned,1,Not Mentioned,1,Discretion ,0.33,Discretion ,0.33,Not Mentioned,1,Not Mentioned,1,Discretion ,0.33,Not Mentioned,1,Not Mentioned,1,Discretion ,0.33,Not Mentioned,1,Discretion ,0.33,Discretion,0.33,Discretion,0.33,Discretion,0.33,Discretion ,0.33,Not Mentioned,1,Discretion,0.33
Drinking Water facilities. (Yes/No/Maybe/Not Mentioned) ,"Yes=0, No=1, Discretion=0.5, Not Mentioned=0",Yes,0,Yes,0,Yes,0,Yes,0,Yes,0,Yes,0,Yes,0,Yes,0,Yes,0,Not Mentioned,0,Yes,0,Not Mentioned,0,Yes,0,Yes,0,Maybe,,Yes,0,Yes,0,Yes,0,Yes,0,Maybe,,Yes,0,Maybe,,Yes,0,Yes,0,Yes,0,Discretion,0.5,Maybe,,Maybe,,Yes,0,Yes,0
Separate Staffrooms for Male/Female (Yes/No/Maybe/Not Mentioned),"Yes=0, No=1, Discretion=0.5, Not Mentioned=0",Not Mentioned,0,Not Mentioned,0,Not Mentioned,0,Not Mentioned,0,Not Mentioned,0,Not Mentioned,0,Not Mentioned,0,Not Mentioned,0,Not Mentioned,0,Not Mentioned,0,Not Mentioned,0,Not mentioned,0,Not Mentioned,0,Not Mentioned,0,Not Mentioned,0,Not Mentioned,0,Not Mentioned,0,Not Mentioned,0,Not Mentioned,0,Not Mentioned,0,Not Mentioned,0,Not Mentioned,0,Not Mentioned,0,Not Mentioned,0,Not Mentioned,0,Not Mentioned,0,Not Mentioned,0,Not Mentioned,0,Not Mentioned,0,Not Mentioned,0
Health and Sanitation Certificate (Yes/No/Maybe/Not Mentioned),"Yes=0, No=1, Discretion=0.5, Not Mentioned=0",Yes,0,Not Mentioned,0,Not Mentioned,0,Yes,0,Not Mentioned,0,Yes,0,Not Mrntioned,,Not Mentioned,0,Yes,0,Not Mentioned,0,Not Mentioned,0,Not Mentioned,0,Not Mentioned,0,Yes,0,Not ,,Not Mentioned,0,Not Mentioned,0,Not Mentioned,0,Not Mentioned,0,Not Mentioned,0,Not Mentioned,0,Not Mentioned,0,Not Mentioned,0,Not Mentioned,0,Yes,0,Not Mentioned,0,Not Mentioned,0,Not Mentioned,0,Not Mentioned,0,Not Mentioned,0
Health Check-up (Not required/Required/Not Mentioned),"Not required=1, Required=0, Not Mentioned=0",Not Mentioned,0,Not Mentioned,0,Not Mentioned,0,Required,0,Not Mentioned,0,Required,0,Not Mentioned,0,Not Mentioned,0,Required,0,Not Mentioned,0,Not Mentioned,0,Not Mentioned,0,Not Mentioned,0,Required,0,Required,0, Not Mentioned,,Not Mentioned,0,Not Mentioned,0,Not Mentioned,0,Not Mentioned,0,Not Mentioned,0,Not Mentioned,0,Required,0,Not Mentioned,0,Required,0,Not Mentioned,0,Not Mentioned,0,Not Mentioned,0,Not Mentioned,0,Not Mentioned,0
,,,,,,,,,,,,,,,,,,,,,,,,,,,,,,,,,,,,,,,,,,,,,,,,,,,,,,,,,,,,,
3. Procedure for Fee Hike,,,1,,1,,1,,0.75,,0.75,,0.75,,1,,0.75,,0.75,,0.75,,0.75,,0.75,,1,,1,,0,,0.5,,1,,1,,0.75,,1,,1,,1,,0.75,,1,,1,,1,,1,,0.5,,1,,1
"Procedures for fee hikes (Applying to fee regulatory committees, submitting audited accounts, submit documents to support proposal, application to be accompanied by a monetary payment, Not Mentioned)","Applying to fee regulatory committees=, submitting audited accounts=, submit documents to support proposal=, application to be accompanied by a monetary payment=,
Not Mentioned= 1

[1- (Number of Components Present÷ Maximum Number of Components]",Not Mentioned,1,Not Mentioned,1,Not Mentioned,1,submit documents to support proposal,0.75,Applying to fee regulatory committees,0.75,Applying to fee regulatory committees,0.75,Not Mentioned,1,Applying to fee regulatory committees,0.75,Applying to fee regulatory committees,0.75,Applying to fee regulatory committees,0.75,Applying to Director,0.75,Applying to fee regulatory committee,0.75,Not Mentioned,1,Not Mentioned,1,"Applying to committee, submit documents, audited accounts, accompanied by monetary payment",0,"Applying to fee regulatory committee, submit documents to support proposal",0.5,Not Mentioned,1,Not Mentioned,1,Applying to fee regulatory committee,0.75,Not Mentioned,1,Not Mentioned,1,Not Mentioned,1,Applying to fee regulatory committees,0.75,Not Mentioned,1,Not Mentioned,1,Not Mentioned,1,Not Mentioned,1,"Applying to Committee, submit documents to support proposals. ",0.5,Not Mentioned,1,Not Mentioned,1
,,,,,,,,,,,,,,,,,,,,,,,,,,,,,,,,,,,,,,,,,,,,,,,,,,,,,,,,,,,,,
4. Staffing,,,0.5,,0.5,,1,,0.5,,0.5,,0,,0,,0,,0,,0,,0,,0,,0,,0.5,,0.5,,0,,0,,0.75,,0,,0,,0,,0,,0,,0,,0,,0.75,,0,,0,,0,,0
Teacher-Student ratio in a class (<1:20/<1:30/1:40/Not Mentioned/Discretion of SMC),"<1:20=0.25, <1:30=0.5, 1:40=0.75, Not Mentioned=0, Discretion of SMC=1",1:30,0.5,1:30,0.5,Discretion,1,1:30,0.5,1:30,0.5,Not Mentioned,0,Not Mentioned,0,Not Mentioned,0,Not Mentioned,0,Not Mentioned,0,1:20,,Not Mentioned,0,Not Mentioned,0,<1:30,0.5,<1:30,0.5,Not mentioned,0,Not Mentioned,0,1:40,0.75,Not Mentioned,0,Not Mentioned,0,Not Mentioned,0,Not Mentioned,0,Not Mentioned,0,Not Mentioned,0,Not Mentioned,0,1:40,0.75,Not Mentioned,0,Not Mentioned,0,Not Mentioned,0,Not Mentioned,0
,,,,,,,,,,,,,,,,,,,,,,,,,,,,,,,,,,,,,,,,,,,,,,,,,,,,,,,,,,,,,
5. Financial Reporting,,,0.5,,0.5,,0.165,,0.415,,0.5,,0.5,,0.25,,0.5,,0.5,,0.415,,0,,0.415,,0.5,,0.5,,0,,0.25,,0.415,,0.5,,0.415,,0.5,,0.5,,0.25,,0.415,,0.415,,0.415,,0.415,,0.5,,0.25,,0.415,,0.5
Financial reporting to the Government/Board (Yes/No/Maybe/Not Mentioned) ,"Yes=0, No=1, Discretion=0.5, Not Mentioned=0",Yes,0,Yes,0,Yes,0,Yes,0,Not Mentioned,0,Not Mentioned,0,Yes,0,Not Mentioned,0,Not Mentioned,0,Yes,0,Yes,0,Yes,0,Yes,0,Yes,0,Yes,0,Yes,0,Yes,0,Not Mentioned,0,Yes,0,Yes,0,Not Mentioned,0,Yes,0,Yes,0,Yes,0,Yes,0,yes,0,Yes,0,Yes,0,Yes,0,Maybe,
Consequences for not reporting financials (Yes/No/May/Not Mentioned),"Yes=0, No=1, Discretion=0.5, Not Mentioned=0",Not Mentioned,0,Not Mentioned,0,Not Mentioned,0,Not Mentioned,0,Not Mentioned,0,Not Mentioned,0,Not Mentioned,0,Not Mentioned,0,Not Mentioned,0,Not Mentioned,0,Not Mentioned ,,Not Mentioned,0,Not Mentioned,0,Not Mentioned,0,Not Mentioned,0,Not Mentioned,0,Not Mentioned,0,Not Mentioned,0,Not Mentioned,0,Not Mentioned,0,Not Mentioned,0,Not Mentioned,0,,,Not Mentioned,0,Not Mentioned,0,Not Mentioned,0,Not Mentioned,0,Not Mentioned,0,Not Mentioned,0,Not mentioned,0
Frequency of sending financial reports to the Government/Board (Quarterly/ Bi-annually/Annually/Not Mentioned),"Quarterly=0, Bi-annually=0.33, Annually=0.66, Not Mentioned=1",Not Mentioned,1,Not Mentioned,1,Annually,0.66,Annually,0.66,Not Mentioned,1,Not Mentioned,1,Annually ,,Not Mentioned,1,Not Mentioned,1,Annually,0.66,Not Mentioned ,,Annually,0.66,Not Mentioned,1,Not Mentioned,1,Annually ,,Annually ,,Annually,0.66,Not Mentioned,1,Annually,0.66,Not Mentioned,1,Not Mentioned,1,Annually ,,Annually,0.66,Annually,0.66,Annually,0.66,annually,0.66,Not Mentioned,1,Annually ,,Annually,0.66,Not mentioned,1
Existence of a Separate accounting management system (Yes/No/Maybe/Not Mentioned),"Yes=1, No=0, Maybe=0.5, Not Mentioned=0",Yes,1,Yes,1,Not Mentioned,0,Yes,1,Yes,1,Yes,1,Yes,1,Yes,1,Yes,1,Yes,1,Not Mentioned,0,Yes,1,Yes,1,Yes,1,Not Mentioned,0,Yes,1,Yes,1,Yes,1,Yes,1,Yes,1,Yes,1,Yes,1,Yes,1,Yes,1,Yes,1,Yes,1,Yes,1,Yes,1,Yes,1,Yes,1
,,,,,,,,,,,,,,,,,,,,,,,,,,,,,,,,,,,,,,,,,,,,,,,,,,,,,,,,,,,,,
6. Affiliation,,,0,,0,,0,,0,,0,,0,,0,,0,,0,,0,,0,,0,,0,,0,,0,,0,,0,,0,,0,,0,,0,,0,,0,,0,,0,,0,,0,,0,,0,,0
If NoC is required for affiliation purposes (Yes/No/Maybe/Not Mentioned),"Yes=0, No=1, Discretion=0.5, Not Mentioned=0",Not Mentioned,0,Not Mentioned,0,Not Mentioned,0,Not Mentioned,0,Not Mentioned,0,Not Mentioned,0,Not mentioned,0,Not mentioned,0,Yes,0,Yes,0,Not Mentioned,0,Not mentioned,0,Not Mentioned,0,Not Mentioned,0,Not Mentioned,0,Not Mentioned,0,Not Mentioned,0,Not Mentioned,0,Not Mentioned,0,Yes,0,Not Mentioned,0,Not Mentioned,0,Yes,0,Not Mentioned,0,Yes,0,Not Mentioned,0,Not Mentioned,0,Not Mentioned,0,Not Mentioned,0,Yes,0
,,,,,,,,,,,,,,,,,,,,,,,,,,,,,,,,,,,,,,,,,,,,,,,,,,,,,,,,,,,,,
7. Financial requirements for Recognition,,,0.5,,0.6666666667,,0.3333333333,,0.6666666667,,0.6666666667,,0.6666666667,,0.6666666667,,0.6666666667,,0.3333333333,,0.6666666667,,0.6666666667,,0.5,,0.6666666667,,0.6666666667,,0.3333333333,,0.6666666667,,0.6666666667,,0.6666666667,,0.6666666667,,0.6666666667,,0.6666666667,,0.6666666667,,0.6666666667,,0,,0.1666666667,,0.6666666667,,0.6666666667,,0.6666666667,,0.6666666667,,0.5
Minimum capital required for recognition (<50000/<100000/Not Required/Not Mentioned),"<50000=0.5, <100000=0, Not Mentioned=1",Not Mentioned,1,Not Mentioned ,1,Not Mentioned,1,Not Mentioned,1,Not Mentioned,1,Not Mentioned,1,Not Mentioned,1,Not Mentioned,1,Not Mentioned,1,Not Mentioned,1,Not Mentioned,1,<50000,0.5,Not Mentioned,1,Not Mentioned,1,Not Mentioned,1,Not Mentioned,1,Not Mentioned,1,Not Mentioned,1,Not Mentioned,1,Not Mentioned,1,Not Mentioned,1,Not Mentioned,1,Not Mentioned,1, Not Mentioned,,<50000,0.5,Not Mentioned,1,Not Mentioned,1,Not Mentioned,1,Not Mentioned,1,<50000,0.5
Requirement to deposit Security/Pledge money (Yes/No/Maybe/Not Mentioned),"Yes=0, No=1, Discretion=0.5, Not Mentioned=0",Not Mentioned,0,Yes,0,Not Mentioned,0,Not Mentioned,0,Not Mentioned,0,Not Mentioned,0,Not Mentioned,0,Not Mentioned,0,Yes,0,Not Mentioned,0,Not Mentioned,0,Not Mentioned,0,Yes,0,Yes,0,Yes,0,Not Mentioned,0,Not Mentioned,0,Not Mentioned,0,Not Mentioned,0,Not Mentioned,0,Not Mentioned,0,Not Mentioned,0,Not Mentioned,0, Not Mentioned,,Yes,0,Not Mentioned,0,Not Mentioned,0,Yes,0,Yes,0,Not Mentioned,0
Amount of Security deposit (/less than equal to10000/ less than equal to 25000/Not Required/Not Mentioned),"Less than equal to10000=0.5, Less than equal to 25000=0,  Not Mentioned=1",<10000,0.5,Not Mentioned ,1,Not Mentioned ,,Not Mentioned,1,Not Mentioned,1,Not Mentioned,1,Not Mentioned,1,Not Mentioned,1,<10000,,Not Mentioned,1,Not Mentioned,1,Not Mentioned,1,Not Mentioned,1,Not Mentioned,1,less than equals to 25000,,Not Mentioned,1,Not Mentioned,1,Not Mentioned,1,Not Mentioned,1,Not Mentioned,1,Not Mentioned,1,Not Mentioned,1,Not Mentioned,1, Not Mentioned,,Not Mentioned                                                                                                                                                                                                                    ,,Not Mentioned,1,Not Mentioned,1,Not Mentioned,1,Not Mentioned,1,Not Mentioned,1
,,,,,,,,,,,,,,,,,,,,,,,,,,,,,,,,,,,,,,,,,,,,,,,,,,,,,,,,,,,,,
Domain 3: Ease of Operations without Arbitrary Regulatory Action ,,,0.1187884615,,0.1267211538,,0.1962884615,,0.3266826923,,0.3102884615,,0.2995192308,,0.09543269231,,0.2544038462,,0.4385,,0.1731153846,,0.1923461538,,0.3459519231,,0.05745192308,,0.1457692308,,0.2537884615,,0.5556153846,,0.3573076923,,0.08870192308,,0.1738942308,,0.07932692308,,0.2291634615,,0.2483173077,,0.2189903846,,0.09495192308,,0.2942307692,,0.1817307692,,0.2231730769,,0.1869134615,,0.1241730769,,0.1010576923
1. Inspections ,,,0.129,,0.1415,,0.189,,0.0375,,0.145,,0.275,,0.1125,,0.133,,0.254,,0.154,,0.154,,0.1915,,0.0375,,0.16,,0.169,,0.184,,0.16,,0.1625,,0.2725,,0.125,,0.0705,,0.2625,,0.0875,,0.1875,,0.1,,0.15,,0.085,,0.1515,,0.189,,0.135
Before Recognition,,,,,,,,,,,,,,,,,,,,,,,,,,,,,,,,,,,,,,,,,,,,,,,,,,,,,,,,,,,,,
"Existence of a prescribed inspection procedure before recognition (Yes, No, Maybe/Not mentioned)","Yes=0, No=1, Maybe=0.5, Not Mentioned=0",Not Mentioned,0,Not mentioned ,0,Not Mentioned,0,Not Mentioned,0,Not Mentioned,0,Yes,0,Yes,0,Not Mentioned,0,Not Mentioned,0,Yes,0,Yes,0,Not Mentioned,0,Not Mentioned,0,Yes,0,Yes,0,Yes,0,Not Mentioned,0,Not Mentioned,0,Yes,0,Not Mentioned,0,Not Mentioned,0,Not Mentioned,0,Not Mentioned,0,Not Mentioned,0,Not Mentioned,0,Yes,0,Not Mentioned,0,Not Mentioned,0,Yes,0,Not Mentioned,0
After Recognition,,,,,,,,,,,,,,,,,,,,,,,,,,,,,,,,,,,,,,,,,,,,,,,,,,,,,,,,,,,,,
Responsibility of schools to bear inspection costs (Yes/No/May/Not Mentioned),"Yes=0, No=1, Maybe=0.5, Not Mentioned=0",Yes,0,Maybe,0.5,Not Mentioned,0,Not Mentioned,0,Not Mentioned,0,Maybe,0.5,Not Mentioned,0,Not Mentioned,0,Not Mentioned,0,Not Mentioned,0,Not Mentioned,0,Not Mentioned,0,Yes,0,Not Mentioned,0,Maybe,0.5,Not Mentioned,0,Not Mentioned,0,Not Mentioned,0,Not Mentioned,0,Not Mentioned,0,Yes,0,Not Mentioned,0,Not Mentioned,0,Not Mentioned,0,Yes,0,Yes,0,Not Mentioned,0,Not Mentioned,0,Not Mentioned,0,Not Mentioned,0
"Requirement to give advance intimation before inspection (Yes, No, Maybe, Not Mentioned)","Yes=1, No=0, Not Mentioned=0, Maybe=0.5",Not Mentioned,0,Not Mentioned,0,Maybe,0.5,Not Mentioned,0,Not Mentioned,0,May be,,Not Mentioned,0,Not Mentioned,0,No,0,No ,,Yes,1,Not Mentioned,0,Not Mentioned,0,No,0,Not Mentioned,0,Not Mentioned,0,Not Mentioned,0,Not Mentioned,0,Not Mentioned,0,Not Mentioned,0,Not Mentioned,0,Not Mentioned,0,Not Mentioned,0,                                                                                      Not MENTIONED,,Not Mentioned                                                                                                                                                                                                                    ,,Not Mentioned,0,Not Mentioned,0,Not Mentioned,0,Not Mentioned,0,Not Mentioned,0
"Allowance to conduct special inspections (Yes, No, Maybe, Not mentioned)","Yes=0, No=1, Maybe=0.5, Not Mentioned=0",Yes,0,Not Mentioned,0.5,Not Mentioned,0,Not Mentioned,0,Not Mentioned,0,Yes,0,Yes,0,Not Mentioned,0,Yes,0,Not Mentioned,0,Not Mentioned,0,Not Mentioned,0,Not Mentioned,0,Yes,0,Yes,0,Not Mentioned,0,Yes,0,Yes,0,Yes,0,Not Mentioned,0,Not Mentioned,0,Not Mentioned,0,Not Mentioned,0,Not Mentioned,0,Yes,0,Not Mentioned,0,Not Mentioned,0,Not Mentioned,0,Not Mentioned,0,Maybe,0.5
"Competent authority/authorities for inspecrion- (Director as a sole authority for inspection, Any other authority as the sole authority for inspection (eg -Sub-Inspector, Director of Medical Services or Health Officer, Executive Engineer of the Public Health Engineering Department, The District Transport Officer, State government or Director to authorise a team for inspection (experts on subjects taught in schools; district-level team consisting of nominees from Board, Council, District Inspectors, district level inspectors, accounts perspon, physical education etc, (Nominee of Board, Not mentioned)  ","1. Single / Central Authority (Director as a sole authority for inspection, District Education Officer, Any Other Authority)= 0.2

2. Mid-Level Administrative Authorities (Deputy Director of Education, District Education Officer, District Inspector of Schools, Director, Deputy Director, Joint Director)=0.4

3. Multi-Level Administrative Committees (Divisional Chairman, Education Inspector/Officer, Regional Deputy Director, Deputy Director of Education, Director)=0.6

4. Representative Bodies (Director of Education, Educationists, Civil Society Representatives, Media, Government Representatives, District Inspector, Nominee of Board, Nominee of Council, Nominee of Madrasah)=0.8

5. Discretionary Power/Not Mentioned = 0

6. No Inspection Required=1

",Not Mentioned,0,Not Mentioned ,0,"Central Authority

(Director as a sole authority for inspection)",0.2,Not Mentioned,0,"Mid-Level Administrative Authority

(District Education Officer)",0.4,Not Mentioned,0,Not Mentioned,0,"Discretionary Power

(Any Other Authority)",0,"Discretionary Power

(Any Other Authority)",0,Discretionary Power (Any Other Authority),0,Not Mentioned,0,Not Mentioned,0,Not Mentioned,0,"Central Authority and Mid-Level Admin Authorities 

(Deputy Director of Education, District Education Officer)",0.2,"Representative Bodies

(Educationists, civil society representatives, media and government representatives)",0.8,"Multi Level Authority, (Divisional Chairman, Education Inspector/Officer, or Regional Deputy Director, Deputy Director of Education, Director)",0.6,"Central Authority, Representative Bodies,  (Director of Education, Educationists, Civil Society Representatives, Media, and Government representatives)",0.2,Not Mentioned,0,Central Authority (Director),0.2,Not Mentioned,0,Not Mentioned,0,Not Mentioned,0,Not Mentioned,0,Not Mentioned,0,Not Mentioned,0,Not Mentioned,0,Central Authority (District Education Officer),0.2,"Central Authority, Mid-Level Admin Authority, (District Inspector of school, Director, Deputy Director, Joint Director)",0.2,Central Authority (Director as a sole authority for inspection),0.2,"Central Authority, Representative Bodies (District Inspector, Nominee of Board, Nominee of Council, Nominee of Madrasah)",0.2
"Mandate on the inspecting authority to furnish an inspection report (Yes, No, Maybe, Unclear, Not Mentioned)","Yes=1 , No=0, Maybe=0.5, Not Mentioned=0",Yes,1,Yes,1,Not Mentioned,0,Not Mentioned,0,Yes,1,Yes,1,Not Mentioned,0,Not Mentioned,0,Yes,1,Not Mentioned,0,Yes,1,Yes,1,Not Mentioned,0,Yes,1,Not Mentioned,0,Yes,1,Yes,1,Yes,1,Yes,1,Not Mentioned,0,Not Mentioned,0,Yes,1,Yes,1,Yes,1,Yes,1,Yes,1,Yes,1,Maybe,0.5,Not Mentioned,0,Yes,1
"Existence of a checklist for inspection (Yes, No, Maybe, Not mentioned)","Yes=1 , No=0, Maybe=0.5, Not Mentioned=0",Not Mentioned,0,Not Mentioned,0,Not Mentioned,0,Not Mentioned,0,Not Mentioned,0,Yes,1,Not Mentioned,0,Not Mentioned,0,Not Mentioned,0,Not Mentioned,0,Not Mentioned,0,Yes,1,Not Mentioned,0,No,0,Maybe,0.5,Maybe,0.5,Not Mentioned,0,Not Mentioned,0,Yes,1,Yes,1,Not Mentioned,0,Yes,1,Not Mentioned,0,Yes,1,Not Mentioned                                                                                                                                                                                                                    ,,Not Mentioned,0,Not Mentioned,0,Yes,1,Yes,1,Yes,1
"Subjects of inspection checklist (infrastructure, financials, fee caps, school results, enrolment and dropout rates, safety equipments, managing committee, teacher appointments, income, expenditure, assets and liabilities, co-curricular, school administration, discipline and tenor, observation of rules and instructions of the government, lack of smooth management by administration, failure to submit-scheme of administration, sanitary conditions, portable drinking water, barrier free access, availability of teaching/learning material, lesson planning, maintenance of adequate reserve fund, total enrolment, records of tests and assignments, performance in Board examinations, run not-for-profit, adheres to Constitutional values, furnishes required reports, is open to inspection, has good road links, has a medical check-up facility, not collecting fees in excess of rates prescribed by govt)

1. Governance & Compliance: Managing committee, School administration, Discipline and tenor, Observation of rules and instructions of the government, Failure to submit scheme of administration, Lack of smooth management by administration, Run not-for-profit, Adheres to Constitutional values, Furnishes required reports, Is open to inspection

2. Financial Management: Financials, Income, Expenditure, Assets and liabilities, Fee caps, Not collecting fees in excess of rates prescribed by govt., Maintenance of adequate reserve fund

3. Academic Quality: School results, Performance in Board examinations, Records of tests and assignments, Lesson planning, Availability of teaching/learning material, Teacher appointments, Co-curricular, Enrolment and dropout rates, Total enrolment

4. Infrastructure: Infrastructure, Safety equipments, Sanitary conditions, Portable drinking water, Barrier free access, Has good road links, Has a medical check-up facility

5. Not Mentioned","Governance & Compliance=, Financial Management=, Academic Quality=, Infrastructure=,
Not Mentioned=0

[1- (Number of Components Present÷ Maximum Number of Components]","Governance & Compliance, Financial Management, Academic Quality",0.25,Not Mentioned,0,Governance & Compliance,0.75,Not Mentioned,0,Governance & Compliance,0.75,"Governance & Compliance, Financial Management, Academic Quality, and Infrastructure.",0,"Governance & Compliance, Financial Management, Academic Quality, and Infrastructure.",0,Not Mentioned,0,"Governance & Compliance, Financial Management, Academic Quality, and Infrastructure.",0,Not Mentioned,0,"Governance & Compliance, Financial Management, Academic Quality, and Infrastructure.",0,Infrastructure,0.75,"Governance & Compliance, Financial Management, Academic Quality, and Infrastructure.",0,"Governance & Compliance, Financial Management, and Infrastructure.",0.25,Not Mentioned,0,Not Mentioned,0,Not Mentioned,0,"Governance & Compliance, Financial Management, and Academic Quality.",0.25,"Governance & Compliance, Academic Quality, and Infrastructure.",0.25,"Governance & Compliance, Financial Management",0.5,"Governance & Compliance, Financial Management, Academic Quality, and Infrastructure.",0,"Governance & Compliance, Financial Management, Academic Quality, and Infrastructure.",0,Not Mentioned,0,Governance & Compliance,0.75,Not Mentioned                                                                                                                                                                                                                    ,0,"Governance & Compliance, Financial Management, Academic Quality, and Infrastructure.",0,"Governance & Compliance, Financial Management",0.5,"Governance & Compliance, Financial Management, Academic Quality, and Infrastructure.",0,"Governance & Compliance, Financial Management, and Infrastructure.",0.25,"Governance & Compliance, Financial Management, Academic Quality, and Infrastructure.",0
"Mandated frequency of inspections (Annual, Periodic, Discretion, Not Mentioned)","Annual=1, Periodic=0.66, Discretion=0.33, Not Mentioned=0",Discretion,0.33,Discretion,0.33,Discretion,0.33,Not Mentioned,0,Not Mentioned,0,Annual,1,Annual,1,Periodic,0.66,Discretion,0.33,Discretion,0.33,Discretion,0.33,Discretion,0.33,Not Mentioned,0,Annual,1,Discretion,0.33,Not Mentioned,\,Annual,1,Not Mentioned,0,Annual,1,Not Mentioned,0,Discretion,0.33,Not Mentioned,0,Not Mentioned,0,Not Mentioned                                                                                                                                                                                                                    ,,Not Mentioned                                                                                                                                                                                                                    ,,Not Mentioned,0,Not Mentioned,0,Discretion,0.33,Discretion,0.33,Discretion ,
"Post-inspection requirements if deficiencies are found (Compliance report, Corrective action, Option to rectify, Not Mentioned)","Compliance Report=0.66, Corrective Action=0.33, Option to Rectify=1, Not Mentioned=0",Not Mentioned,0,Not Mentioned,0,Not Mentioned,0,Not Mentioned,0,Not Mentioned,0,Option to rectify,1,Option to rectify,1,Option to rectify,1,Option to rectify,1,Not Mentioned,0,Not Mentioned,0,Not Mentioned,0,Not Mentioned,0,Not Mentioned,0,Not Mentioned,0,Corrective action,0.33,Option to rectify,1,Option to rectify,1,Option to rectify,1,Corrective action ,,Corrective action,0.33,Option to rectify,1,Not Mentioned,0,Option to rectify,1,Not Mentioned                                                                                                                                                                                                                    ,,Compliance report and corrective action ,,Not Mentioned,0,Option to rectify,1,Option to rectify,1,Corrective action ,
"Opportunity to make a case for itself before passing of an order (Yes, No, Maybe, Not mentioned)","Yes=1, No=0, Maybe=0.5, Not Mentioned=0",Not Mentioned,0,Not Mentioned,0,Not Mentioned,0,Not Mentioned,0,Not Mentioned,0,Yes,1,Not Mentioned,0,Yes,1,Not Mentioned,0,Not Mentioned,0,Not Mentioned,0,Not Mentioned,0,Not Mentioned,0,Not Mentioned,0,yes,1,Yes,1,Not Mentioned,0,Yes,1,Yes,1,Yes,1,Not Mentioned,0,Not Mentioned,0,Not Mentioned,0,Not Mentioned                                                                                                                                                                                                                    ,,Yes,1,Not Mentioned,0,Not Mentioned,0,Not Mentioned,0,Yes,1,Not Mentioned,0
"Existence of consequences if the school fails to satisfy the inspection requirements (Yes, Yes Explicit Listing, No, Maybe, Not mentioned)","Yes=0, Yes Explicit Listing=0.25, No=1, Maybe=0.5, Not Mentioned=0.75",Yes,0,Maybe,0.5,Yes,0,Not Mentioned,0.75,Not Mentioned,0.75,Yes,0,Yes explicit listing,0.25,Yes,0,Not Mentioned,0.75,Not Mentioned,0.75,Not Mentioned,0.75,Not Mentioned,0.75,Not Mentioned,0.75,Not Mentioned,0.75,Yes explicit listing,0.25,Yes explicit listing,0.25,Yes,0,Yes,0,Yes explicit listing ,,Yes,0,Not Mentioned,0.75,Yes explicit listing,0.25,Not Mentioned,0.75,Yes explicit listing ,,Yes,0,Maybe,0.5,Yes,0,Yes,0,Yes,0,Yes,0
"Withdrawal/ Suspension of recognition (Yes, No, Maybe, Not mentioned)","Yes=0, No=1, Maybe=0.5, Not Mentioned=0",Yes,0,Not Mentioned,0,Yes,0,Not Mentioned,0,Not Mentioned,0,Yes,0,Yes,0,Yes,0,Yes,0,Not Mentioned,0,Not Mentioned,0,Not Mentioned,0,Not Mentioned,0,Not Mentioned,0,Yes,0,Yes,0,Yes,0,Yes,0,Yes,0,Yes,0,Not Mentioned,0,Yes,0,Not Mentioned,0,yes,0,Yes,0,Not Mentioned,0,Yes,0,Yes,0,Yes,0,Yes,0
"Take over of school property (Yes, No, Maybe, Not mentioned)","Yes=0, No=1, Maybe=0.5, Not Mentioned=0",No,1,Not Mentioned,0,Not Mentioned,0,Not Mentioned,0,Not Mentioned,0,Not Mentioned,0,Not Mentioned,0,Not Mentioned,0,Not Mentioned,0,Not Mentioned,0,Not Mentioned,0,Not Mentioned,0,Not Mentioned,0,Not Mentioned,0,Not Mentioned,0,Not Mentioned,0,Not Mentioned,0,Not Mentioned,0,Not Mentioned,0,Not Mentioned,0,Not Mentioned,0,Not Mentioned,0,Not Mentioned,0,Not Mentioned                                                                                                                                                                                                                    ,,Not Mentioned                                                                                                                                                                                                                    ,,Not Mentioned,0,Not Mentioned,0,Not Mentioned,0,Yes,0,Not Mentioned,0
"Take over of school management (Yes, No, Maybe, Not mentioned)","Yes=0, No=1, Maybe=0.5, Not Mentioned=0",Not Mentioned,0,Not Mentioned,0,Not Mentioned,0,Not Mentioned,0,Not Mentioned,0,Yes,0,Yes,0,Not Mentioned,0,Not Mentioned,0,Not Mentioned,0,Not Mentioned,0,Not Mentioned,0,Not Mentioned,0,Not Mentioned,0,Not Mentioned,0,Not Mentioned,0,Not Mentioned,0,Yes,0,Not Mentioned,0,Not Mentioned,0,Not Mentioned,0,Not Mentioned,0,Not Mentioned,0,Not Mentioned                                                                                                                                                                                                                    ,,Not Mentioned                                                                                                                                                                                                                    ,,Not Mentioned,0,Not Mentioned,0,Not Mentioned,0,Yes,0,Not Mentioned,0
"Shifting of teaching and non-teaching staff (Yes, No, Maybe, Not mentioned)","Yes=0, No=1, Maybe=0.5, Not Mentioned=0",Not Mentioned,0,Not Mentioned,0,Yes,0,Not Mentioned,0,Not Mentioned,0,Not Mentioned,0,Not Mentioned,0,Not Mentioned,0,Not Mentioned,0,Not Mentioned,0,Not Mentioned,0,Not Mentioned,0,Not Mentioned,0,Not Mentioned,0,Not Mentioned,0,Not Mentioned,0,Not Mentioned,0,Not Mentioned,0,Not Mentioned,0,Not Mentioned,0,Not Mentioned,0,Not Mentioned,0,Not Mentioned,0,Not Mentioned                                                                                                                                                                                                                    ,,Not Mentioned                                                                                                                                                                                                                    ,,Not Mentioned,0,Not Mentioned,0,Not Mentioned,0,Not Mentioned,0,Yes,0
"Availability of right to appeal against inspection findings  (Yes, No, Maybe, Not mentioned)","Yes=1, No=0, Maybe=0.5, Not Mentioned=0",No,0,Not Mentioned,0,Yes,1,Not Mentioned,0,Not Mentioned,0,Not Mentioned,0,Not Mentioned,0,Not Mentioned,0,Yes,1,Yes,1,Not Mentioned,0,Not Mentioned,0,Not Mentioned,0,Not Mentioned,0,Not Mentioned,0,Not Mentioned,0,No ,,No,0,Not Mentioned,0,Not Mentioned,0,Not Mentioned,0,Yes,1,Not Mentioned,0,Not Mentioned                                                                                                                                                                                                                    ,,Not Mentioned                                                                                                                                                                                                                    ,,Yes,1,Not Mentioned,0,No,0,Not Mentioned,0,Not Mentioned,0
"If the right to appeal is time-bound  (Yes, No, Maybe, Not mentioned)","Yes=0, No=1, Maybe=0.5, Not Mentioned=0",Not Mentioned,0,Not Mentioned,0,Yes,0,Not Mentioned,0,Not Mentioned,0,Not Mentioned,0,Not Mentioned,0,Not Mentioned,0,Not Mentioned,0,Yes,0,Not Mentioned,0,Not Mentioned,0,Not Mentioned,0,Not Mentioned,0,Not Mentioned,0,Not Mentioned,0,Not Mentioned,0,Not Mentioned,0,Not Mentioned,0,Not Mentioned,0,Not Mentioned,0,Yes,0,Not Mentioned,0,Not Mentioned                                                                                                                                                                                                                    ,,Not Mentioned                                                                                                                                                                                                                    ,,Yes,0,Not Mentioned,0,Not Mentioned,0,Not Mentioned,0,Not Mentioned,0
"Existence of appellate authority  (Yes, No, Maybe, Not mentioned)","Yes=1, No=0, Maybe=0.5, Not Mentioned=0",Not Mentioned,0,Not Mentioned,0,Yes,1,Not Mentioned,0,Not Mentioned,0,Not Mentioned,0,Not Mentioned,0,Not Mentioned,0,Yes,1,Yes,1,Not Mentioned,0,Not Mentioned,0,Not Mentioned,0,Not Mentioned,0,Not Mentioned,0,Not Mentioned,0,No,0,No ,,Not Mentioned,0,Not Mentioned,0,Not Mentioned,0,Yes,1,Not Mentioned,0,Not Mentioned                                                                                                                                                                                                                    ,,Not Mentioned                                                                                                                                                                                                                    ,,Maybe,0.5,Not Mentioned,0,No,0,Not Mentioned,0,Not Mentioned,0
"Authority to seize documents or articles during inspection (Yes, No, Maybe, Not Mentioned)","Yes=0, No=1, Maybe=0.5, Not Mentioned=0",Not Mentioned,0,Yes,0,Not Mentioned,0,Not Mentioned,0,Not Mentioned,0,Not Mentioned,0,Not Mentioned,0,Not Mentioned,0,Not Mentioned,0,Not Mentioned,0,Not Mentioned,0,Not Mentioned,0,Yes,0,Not Mentioned,0,Not Mentioned,0,yES,0,Not Mentioned,0,Not Mentioned,0,Not Mentioned,0,Not Mentioned,0,Not Mentioned,0,Not Mentioned,0,Not Mentioned,0,Not Mentioned                                                                                                                                                                                                                    ,,Not Mentioned                                                                                                                                                                                                                    ,,Not Mentioned,0,Not Mentioned,0,Not Mentioned,0,Not Mentioned,0,Not Mentioned,0
,,,,,,,,,,,,,,,,,,,,,,,,,,,,,,,,,,,,,,,,,,,,,,,,,,,,,,,,,,,,,
2. Processes during Withdrawal of Affiliation ,,,0,,0,,0,,0.5,,0.5,,0,,0,,0,,0.5,,0.5,,0.5,,0.5,,0,,0,,0,,1,,0.5,,0,,0,,0,,0.5,,0,,0,,0,,0,,0,,0.5,,0,,0,,0
Mandate to provide reason for withdrawal of affiliation (Yes/No/Maybe/Not Mentioned),"Yes=1, No=0, Maybe=0.5, Not Mentioned=0",Not Mentioned,0,Not Mentioned,0,Not Mentioned,0,Not Mentioned,0,Yes,1,Not Mentioned,0,Not Mentioned,0,Not Mentioned,0,Yes,1,Yes,1,Yes,1,Yes,1,Not Mentioned,0,Not Mentioned,0,Not Mentioned,0,Yes,1,Yes,1,Not Mentioned,0,Not Mentioned,0,Not Mentioned,0,Yes,1,Not Mentioned,0,Not Mentioned,0,Not Mentioned,0,Not Mentioned,0, Not Mentioned,,Yes,1,Not Mentioned,0,Not Mentioned,0,Not Mentioned,0
Mandate to issue warning before withdrawal (Yes/No/Maybe/Not Mentioned),"Yes=1, No=0, Maybe=0.5, Not Mentioned=0",Not Mentioned,0,Not Mentioned,0,Not Mentioned,0,Yes,1,Not Mentioned,0,Not Mentioned,0,Not Mentioned,0,Not Mentioned,0,Not Mentioned,0,Not Mentioned,0,Not Mentioned,0,not mentioned,0,Not Mentioned,0,Not Mentioned,0,Not Mentioned,0,Yes,1,Not Mentioned,0,Not Mentioned,0,Not Mentioned,0,Not Mentioned,0,Not Mentioned,0,Not Mentioned,0,Not Mentioned,0,Not Mentioned,0,Not Mentioned,0, Not Mentioned,,Not Mentioned,0,Not Mentioned,0,Not Mentioned,0,Not Mentioned,0
,,,,,,,,,,,,,,,,,,,,,,,,,,,,,,,,,,,,,,,,,,,,,,,,,,,,,,,,,,,,,
3. Procedure to withdraw previously granted approvals/titles,,,0.3461538462,,0.3653846154,,0.3461538462,,0.2692307692,,0.3461538462,,0.4230769231,,0.2692307692,,0.3846153846,,0.5,,0.03846153846,,0.1153846154,,0.1923076923,,0.1923076923,,0.4230769231,,0.3461538462,,0.5384615385,,0.7692307692,,0.1923076923,,0.4230769231,,0.1923076923,,0.3461538462,,0.2307692308,,0.5384615385,,0.1923076923,,0.5769230769,,0.5769230769,,0.3076923077,,0.3461538462,,0.3076923077,,0.2692307692
"Procedure of withdrawal of permission to establish (Yes, No, Maybe, Not Mentioned)","Yes=1, No=0, Maybe=0.5, Not Mentioned=0",Yes,1,Not Mentioned,0,Not Mentioned,0,Not Mentioned,0,Not Mentioned,0,Not Mentioned,0,Not Mentioned ,,Not Mentioned,0,Not Mentioned,0,Not Mentioned,0,Not Mentioned,0,Not Mentioned,0,Not Mentioned,0,Yes,1,Not Mentioned,0,Yes,1,Not Mentioned,0,Yes,1,Not Mentioned,0,Not Mentioned,0,Not Mentioned,0,Not Mentioned,0,Yes,1,Not Mentioned,0,Yes,1,Not Mentioned,0,Not Mentioned,0,Not Mentioned,0,Not Mentioned,0,Not Mentioned,0
"State authority empowered to withdraw permission and procedure involved (Yes, No, Maybe, Not mentioned)","Yes=1, No=0, Maybe=0.5, Not Mentioned=0",Maybe ,0.5,Not Mentioned,0,Yes,1,Yes,1,Yes,1,Yes,1,Not Mentioned ,,Yes,1,Yes,1,Not Mentioned,0,Not Mentioned,0,Not Mentioned,0,Not Mentioned,0,Yes,1,Not Mentioned,0,Yes,1,Yes,1,Yes,1,Not Mentioned,0,Not Mentioned,0,Yes,1,Not Mentioned,0,Yes,1,Not Mentioned,0,Yes,1,Not Mentioned,0,Not Mentioned,0,Not Mentioned,0,Not Mentioned,0,Not Mentioned,0
"Requirement to provide prior notice (Yes, No, Maybe, Not mentioned)","Yes=1, No=0, Maybe=0.5, Not Mentioned=0",Yes,1,Not Mentioned,0,Yes,1,Yes,1,Yes,1,Yes,1,Not Mentioned ,,Yes,1,Yes,1,Not Mentioned,0,Not Mentioned,0,Not Mentioned,0,Not Mentioned,0,Yes,1,Not Mentioned,0,Not Mentioned,0,Yes,1,Yes,1,Not Mentioned,0,Not Mentioned,0,Yes,1,Not Mentioned,0,Yes,1,Not Mentioned,0,Yes,1,Not Mentioned,0,Yes,1,Not Mentioned,0,Not Mentioned,0,Not Mentioned,0
"Existence of opportunity for the school to be heard (Yes, No, Maybe, Not mentioned)","Yes=1, No=0, Maybe=0.5, Not Mentioned=0",Not Mentioned,0,Not Mentioned,0,Yes,1,Yes,1,Yes,1,Yes,1,Not Mentioned ,,Yes,1,Yes,1,Not Mentioned,0,Not Mentioned,0,Not Mentioned,0,Not Mentioned,0,Yes,1,Not Mentioned,0,Yes,1,Yes,1,Yes,1,Not Mentioned,0,Not Mentioned,0,Yes,1,Not Mentioned,0,Yes,1,Not Mentioned,0,Yes,1,Not Mentioned,0,Yes,1,Not Mentioned,0,Not Mentioned,0,Not Mentioned,0
"Requirement of a reasoned/written order (Yes, No, Maybe, Not mentioned)","Yes=1, No=0, Maybe=0.5, Not Mentioned=0",Not Mentioned,0,Not Mentioned,0,Yes,1,Yes,1,Not Mentioned,0,Not Mentioned,0,Not Mentioned ,,Yes,1,Yes,1,Not Mentioned,0,Not Mentioned,0,Not Mentioned,0,Not Mentioned,0,Not Mentioned,0,Not Mentioned,0,Not Mentioned,0,Yes,1,Not Mentioned,0,Not Mentioned,0,Not Mentioned,0,Not Mentioned,0,Not Mentioned,0,Not Mentioned,0,Not Mentioned,0,Not Mentioned,0,Not Mentioned,0,Not Mentioned,0,Not Mentioned,0,Not Mentioned,0,Not Mentioned,0
Takeover of property after withdrawal of recognition -,,,,,,,,,,,,,,,,,,,,,,,,,,,,,,,,,,,,,,,,,,,,,,,,,,,,,,,,,,,,,
"Authority empowered to order takeover and procedure involved (Yes, No, Maybe, Not mentioned)","Yes=1, No=0, Maybe=0.5, Not Mentioned=0",Not Mentioned,0,Not Mentioned,0,Not Mentioned,0,Yes,1,Not Mentioned,0,Yes,1,Not Mentioned,0,Not Mentioned,0,Not Mentioned,0,Not Mentioned,0,Not Mentioned,0,Not Mentioned,0,Not Mentioned,0,Not Mentioned,0,Not Mentioned,0,Not Mentioned,0,Not Mentioned,0,Not Mentioned,0,Not Mentioned,0,Not Mentioned,0,Not Mentioned,0,Not Mentioned,0,Not Mentioned,0,Not Mentioned,0,Not Mentioned,0,Yes,1,Not Mentioned,0,Not Mentioned,0,Not Mentioned,0,Not Mentioned,0
"Requirement to provide prior notice (Yes, No, Maybe, Not mentioned)","Yes=1, No=0, Maybe=0.5, Not Mentioned=0",Not Mentioned,0,Not Mentioned,0,Not Mentioned,0,Not Mentioned,0,Not Mentioned,0,Not Mentioned,0,Not Mentioned,0,Not Mentioned,0,Not Mentioned,0,Not Mentioned,0,Not Mentioned,0,Not Mentioned,0,Not Mentioned,0,Not Mentioned,0,Not Mentioned,0,Not Mentioned,0,Yes,1,Not Mentioned,0,Not Mentioned,0,Not Mentioned,0,Not Mentioned,0,Not Mentioned,0,Not Mentioned,0,Not Mentioned,0,Not Mentioned,0,Yes,1,Not Mentioned,0,Not Mentioned,0,Not Mentioned,0,Not Mentioned,0
"Existence of Opportunity for the school to be heard (Yes, No, Maybe, Not mentioned)","Yes=1, No=0, Maybe=0.5, Not Mentioned=0",Not Mentioned,0,Not Mentioned,0,Not Mentioned,0,Not Mentioned,0,Not Mentioned,0,Not Mentioned,0,Not Mentioned,0,Not Mentioned,0,Not Mentioned,0,Not Mentioned,0,Not Mentioned,0,Not Mentioned,0,Not Mentioned,0,Not Mentioned,0,Not Mentioned,0,Not Mentioned,0,Yes,1,Not Mentioned,0,Not Mentioned,0,Not Mentioned,0,Not Mentioned,0,Not Mentioned,0,Not Mentioned,0,Not Mentioned,0,Not Mentioned,0,Yes,1,Not Mentioned,0,Not Mentioned,0,Not Mentioned,0,Not Mentioned,0
"Requirement of a reasoned/written order (Yes, No, Maybe, Not mentioned)","Yes=1, No=0, Maybe=0.5, Not Mentioned=0",Not Mentioned,0,Not Mentioned,0,Not Mentioned,0,Not Mentioned,0,Not Mentioned,0,Not Mentioned,0,Not Mentioned,0,Not Mentioned,0,Not Mentioned,0,Not Mentioned,0,Not Mentioned,0,Not Mentioned,0,Not Mentioned,0,Not Mentioned,0,Not Mentioned,0,Not Mentioned,0,Yes,1,Not Mentioned,0,Not Mentioned,0,Not Mentioned,0,Not Mentioned,0,Not Mentioned,0,Not Mentioned,0,Not Mentioned,0,Not Mentioned,0,Not Mentioned,0,Not Mentioned,0,Not Mentioned,0,Not Mentioned,0,Not Mentioned,0
" If there are consequences for not following the procedure (Yes, No, Maybe, Not mentioned)","Yes=1, No=0, Maybe=0.5, Not Mentioned=0",Not Mentioned,0,Not Mentioned,0,Not Mentioned,0,Not Mentioned,0,Not Mentioned,0,Not Mentioned,0,Not Mentioned,0,Not Mentioned,0,Not Mentioned,0,Not Mentioned,0,Not Mentioned,0,Not Mentioned,0,Not Mentioned,0,Not Mentioned,0,Not Mentioned,0,Not Mentioned,0,Not Mentioned,0,Not Mentioned,0,Not Mentioned,0,Not Mentioned,0,Not Mentioned,0,Not Mentioned,0,Not Mentioned,0,Not Mentioned,0,Not Mentioned,0,Not Mentioned,0,Not Mentioned,0,Not Mentioned,0,Not Mentioned,0,Not Mentioned,0
"Requirement to pay rent to persons interested in property  (Yes, No, Maybe, Not mentioned)","Yes=1, No=0, Maybe=0.5, Not Mentioned=0",Not Mentioned,0,Not Mentioned,0,Not Mentioned,0,Not Mentioned,0,Not Mentioned,0,Not Mentioned,0,Not Mentioned,0,Not Mentioned,0,Not Mentioned,0,Not Mentioned,0,Not Mentioned,0,Not Mentioned,0,,,Not Mentioned,0,Not Mentioned,0,Not Mentioned,0,Not Mentioned,0,Not Mentioned,0,Not Mentioned,0,Not Mentioned,0,Not Mentioned,0,Not Mentioned,0,Not Mentioned,0,Not Mentioned,0,Not Mentioned,0,Not Mentioned,0,Not Mentioned,0,Not Mentioned,0,Not Mentioned,0,Not Mentioned,0
Takeover of management of schools - ,,,,,,,,,,,,,,,,,,,,,,,,,,,,,,,,,,,,,,,,,,,,,,,,,,,,,,,,,,,,,
"Authority empowered to order takeover and procedure involved (Yes, No, Maybe, Not mentioned)","Yes=1, No=0, Maybe=0.5, Not Mentioned=0",Not Mentioned,0,Yes,1,Not Mentioned,0,Yes,1,Not Mentioned,0,Not Mentioned,0,Yes,1,Not Mentioned,0,Not Mentioned,0,Not Mentioned,0,Not Mentioned,0,Yes,1,Not Mentioned,0,Not Mentioned,0,Yes,1,Yes,1,Yes,1,No,0,Yes,1,Not Mentioned,0,Not Mentioned,0,Not Mentioned,0,Yes,1,Not Mentioned ,,Yes,1,Yes,1,Not Mentioned,0,Yes,1,Yes,1,Not Mentioned,0
"Requirement to provide prior notice  (Yes, No, Maybe, Not mentioned)","Yes=1, No=0, Maybe=0.5, Not Mentioned=0",Not Mentioned,0,Yes,1,Not Mentioned,0,Not Mentioned,0,Not Mentioned,0,Not Mentioned,0,Not Mentioned,0,Not Mentioned,0,Not Mentioned,0,Not Mentioned,0,Not Mentioned,0,Not Mentioned,0,Not Mentioned,0,Not Mentioned,0,Yes,1,Yes,1,Yes,1,Not Mentioned,0,Yes,1,Not Mentioned,0,Not Mentioned,0,Not Mentioned,0,Yes,1,Not Mentioned ,,Yes,1,Yes,1,Not Mentioned,0,Yes,1,Yes,1,Not Mentioned,0
"Existence of Opportunity for the school to be heard  (Yes, No, Maybe, Not mentioned)","Yes=1, No=0, Maybe=0.5, Not Mentioned=0",Not Mentioned,0,Yes,1,Not Mentioned,0,Not Mentioned,0,Not Mentioned,0,Not Mentioned,0,Yes,1,Not Mentioned,0,Not Mentioned,0,Not Mentioned,0,Not Mentioned,0,Not Mentioned,0,Not Mentioned,0,Not Mentioned,0,Yes,1,Yes,1,Yes,1,Not Mentioned,0,Yes,1,Not Mentioned,0,Not Mentioned,0,Not Mentioned,0,Yes,1,Not Mentioned ,,Yes,1,Yes,1,Not Mentioned,0,Yes,1,Yes,1,Not Mentioned,0
"Requirement of a reasoned/written order  (Yes, No, Maybe, Not mentioned)","Yes=1, No=0, Maybe=0.5, Not Mentioned=0",Not Mentioned,0,Not Mentioned,0,Not Mentioned,0,Not Mentioned,0,Not Mentioned,0,Not Mentioned,0,Not Mentioned,0,Not Mentioned,0,Not Mentioned,0,Not Mentioned,0,Not Mentioned,0,Not Mentioned,0,Not Mentioned,0,Not Mentioned,0,Not Mentioned,0,Not Mentioned,0,Yes,1,Not Mentioned,0,Not Mentioned,0,Not Mentioned,0,Not Mentioned,0,Not Mentioned,0,Not Mentioned,0,Not Mentioned ,,Not Mentioned,0,Not Mentioned,0,Not Mentioned,0,Yes,1,Yes,1,Not Mentioned,0
"Option to restore management after a period of time (Yes, No, Maybe, Not mentioned)","Yes=1, No=0, Maybe=0.5, Not Mentioned=0",Not Mentioned,0,Not Mentioned,0,Not Mentioned,0,Not Mentioned,0,Not Mentioned,0,Not Mentioned,0,Not Mentioned,0,Not Mentioned,0,Not Mentioned,0,Not Mentioned,0,Not Mentioned,0,Not Mentioned,0,Not Mentioned,0,Not Mentioned,0,Yes,1,Yes,1,Not Mentioned,0,Not Mentioned,0,Yes,1,Not Mentioned,0,Not Mentioned,0,Not Mentioned,0,Yes,1,Not Mentioned ,,Not Mentioned,0,Not Mentioned,0,Not Mentioned,0,Not Mentioned,0,Not Mentioned,0,Not Mentioned,0
Take over recognition of schools - ,,,,,,,,,,,,,,,,,,,,,,,,,,,,,,,,,,,,,,,,,,,,,,,,,,,,,,,,,,,,,
"If reasons have to be recorded in writing before taking actions against the school (Yes, No, Maybe, Not mentioned)","Yes=1, No=0, Maybe=0.5, Not Mentioned=0",Yes,1,Yes,1,Yes,1,Not Mentioned,0,Yes,1,Yes,1,Not Mentioned,0,Yes,1,Yes,1,Not Mentioned,0,Not Mentioned ,,Not Mentioned,0,Not Mentioned,0,Yes,1,Not Mentioned,0,Yes,1,Yes,1,Not Mentioned,0,Yes,1,Yes,1,Not Mentioned,0,Yes,1,Not Mentioned,0,Yes,1,Yes,1,yes,1,Yes,1,Not Mentioned,0,Not Mentioned,0,Yes,1
"If the authority empowered to withdraw recognition is specified (Yes, No, Maybe, Not mentioned)","Yes=1, No=0, Maybe=0.5, Not Mentioned=0",Maybe,0.5,Yes,1,Yes,1,Yes,1,Yes,1,Yes,1,Yes,1,Yes,1,Yes,1,Not Mentioned,0,Yes,1,Yes,1,Not Mentioned,0,Yes,1,Yes,1,Yes,1,Yes,1,Not Mentioned,0,Yes,1,Yes,1,Yes,1,Yes,1,Yes,1,Yes,1,Yes,1,yes,1,Yes,1,Yes,1,Yes,1,Yes,1
"Existence of procedure to withdraw recognition  (Yes, No, Maybe, Not mentioned)","Yes=1, No=0, Maybe=0.5, Not Mentioned=0",Yes,1,Yes,1,Not Mentioned,0,Not Mentioned,0,Yes,1,Not Mentioned,0,Yes,1,Yes,1,Yes,1,Not Mentioned,0,Not Mentioned ,,Yes,1,Yes,1,Yes,1,Yes,1,Yes,1,Yes,1,Not Mentioned,0,Yes,1,Yes,1,Yes,1,Yes,1,Yes,1,Yes,1,Yes,1,yes,1,Yes,1,Yes,1,Yes,1,Yes,1
"Requirement to provide prior notice   (Yes, No, Maybe, Not mentioned)","Yes=1, No=0, Maybe=0.5, Not Mentioned=0",Yes,1,Yes,1,Yes,1,Not Mentioned,0,Yes,1,Yes,1,Yes,1,Yes,1,Yes,1,Not Mentioned,0,Not Mentioned ,,Yes,1,Yes,1,Yes,1,Yes,1,Yes,1,Yes,1,Not Mentioned,0,Yes,1,Yes,1,Yes,1,Yes,1,Yes,1,Yes,1,Yes,1,yes,1,Yes,1,Yes,1,Yes,1,Yes,1
"Existence of Opportunity for the school to be heard  (Yes, No, Maybe, Not mentioned)","Yes=1, No=0, Maybe=0.5, Not Mentioned=0",Yes,1,Yes,1,Yes,1,Not Mentioned,0,Yes,1,Yes,1,Yes,1,Yes,1,Yes,1,Not Mentioned,0,Yes,1,Yes,1,Yes,1,Yes,1,Yes,1,Yes,1,Yes,1,Not Mentioned,0,Yes,1,Yes,1,Yes,1,Yes,1,Yes,1,Yes,1,Yes,1,yes,1,Yes,1,Yes,1,Yes,1,Yes,1
"Requirement of a reasoned/written order to withdraw recognition  (Yes, No, Maybe, Not mentioned)","Yes=1, No=0, Maybe=0.5, Not Mentioned=0",Yes,1,Maybe,0.5,Yes,1,Not Mentioned,0,Yes,1,Yes,1,Not Mentioned,0,Yes,1,Yes,1,Not Mentioned,0,Not Mentioned ,,Not Mentioned,0,Yes,1,Not Mentioned,0,Not Mentioned,0,Not Mentioned,0,Yes,1,Not Mentioned,0,Not Mentioned,0,Not Mentioned,0,Not Mentioned,0,Not Mentioned,0,Not Mentioned,0,Not Mentioned,0,Yes,1,yes,1,Yes,1,Yes,1,Not Mentioned,0,Yes,1
Appeal Procedures - ,,,,,,,,,,,,,,,,,,,,,,,,,,,,,,,,,,,,,,,,,,,,,,,,,,,,,,,,,,,,,
"Availability and process of appeal against withdrawal of permission to establish (Yes, No, Maybe, Not mentioned)","Yes=1, No=0, Maybe=0.5, Not Mentioned=0",Not Mentioned,0,Not mentioned,0,Not Mentioned,0,No,0,Not Mentioned,0,Yes,1,Not Mentioned,0,Not Mentioned,0,Yes,1,Yes,1,Not Mentioned ,,Not Mentioned,0,Yes,1,Yes,1,Not Mentioned,0,Not Mentioned,0,Yes,1,Yes,1,Not Mentioned,0,Not Mentioned,0,Yes,1,Not Mentioned,0,Yes,1,Not Mentioned,0,Not Mentioned,0,Not Mentioned,0,Not Mentioned,0,Not Mentioned,0,Not Mentioned,0,Not Mentioned,0
"Availability and process of appeal against takeover of property (Yes, No, Maybe, Not mentioned)","Yes=1, No=0, Maybe=0.5, Not Mentioned=0",Not Mentioned,0,Not mentioned,0,Not Mentioned,0,Not Mentioned,0,Not Mentioned,0,Not Mentioned,0,Not Mentioned,0,Not Mentioned,0,Yes,1,Not Mentioned,0,Not Mentioned ,,Not Mentioned,0,Not Mentioned,0,Not Mentioned,0,Not Mentioned,0,Not Mentioned,0,Not Mentioned,0,Not Mentioned,0,Not Mentioned,0,Not Mentioned,0,Not Mentioned,0,Not Mentioned,0,Not Mentioned,0,Not Mentioned,0,Not Mentioned,0,Yes,1,Not Mentioned,0,Not Mentioned,0,Not Mentioned,0,Not Mentioned,0
"Availability and process of appeal against withdrawal of management of school (Yes, No, Maybe, Not mentioned)","Yes=1, No=0, Maybe=0.5, Not Mentioned=0",Not Mentioned,0,Yes,1,Not Mentioned,0,No,0,Not Mentioned,0,Not Mentioned,0,Not Mentioned,0,Not Mentioned,0,Not Mentioned,0,Not Mentioned,0,No,0,Not Mentioned,0,Not Mentioned,0,Not Mentioned,0,Not Mentioned,0,Yes,1,Yes,1,Not Mentioned,0,Yes,1,Not Mentioned,0,Not Mentioned,0,Not Mentioned,0,Not Mentioned,0,Not Mentioned,0,Yes,1,Yes,1,Not Mentioned,0,Not Mentioned,0,Not Mentioned,0,Not Mentioned,0
"Availability and process of appeal against withdrawal of recognition (Yes, No, Maybe, Not mentioned)","Yes=1, No=0, Maybe=0.5, Not Mentioned=0",Yes,1,Not mentioned,0,Not Mentioned,0,Not Mentioned,0,Not Mentioned,0,Yes,1,Yes,1,Not Mentioned,0,Yes,1,Not Mentioned,0,Yes,1,Not Mentioned,0,Not Mentioned,0,Yes,1,Yes,1,Yes,1,Yes,1,Not Mentioned,0,Yes,1,Not Mentioned,0,Yes,1,Yes,1,Yes,1,Not Mentioned,0,Yes,1,Yes,1,Not Mentioned,0,Not Mentioned,0,Not Mentioned,0,Yes,1
,,,,,,,,,,,,,,,,,,,,,,,,,,,,,,,,,,,,,,,,,,,,,,,,,,,,,,,,,,,,,
4. Parent Grievance Redressal ,,,0,,0,,0.25,,0.5,,0.25,,0.5,,0,,0.5,,0.5,,0,,0,,0.5,,0,,0,,0.5,,0.5,,0,,0,,0,,0,,0,,0.5,,0.25,,0,,0.5,,0,,0,,0.25,,0,,0
"If schools are provided an opportunity to hear in fee related complaints (Yes, No, Maybe, Not mentioned)","Yes=1, No=0, Maybe=0.5, Not Mentioned=0",Not Mentioned,0,Not Mentioned,0,Yes,1,Yes,1,Not Mentioned,0,Yes,1,Not Mentioned,0,Yes,1,Yes,1,Not Mentioned,0,Not Mentioned,0,Yes,1,Not Mentioned,0,Not Mentioned,0,Yes,1,Yes,1,Not Mentioned,0,Not Mentioned,0,Not Mentioned,0,Not Mentioned,0,Not Mentioned,0,Yes,1,Not Mentioned,0,Not Mentioned,0,Yes,1,Not Mentioned,0,Not Mentioned,0,Not Mentioned,0,Not Mentioned,0,Not Mentioned,0
"Imposition of monetary penalties by Fee Regulatory Committee (Yes, No, Maybe, Not mentioned)","Yes=0, No=1, Maybe=0.5, Not Mentioned=0",Not Mentioned,0,Not Mentioned,0,Yes,0,Yes,0,Yes,0,Yes,0,Not Mentioned,0,Not Mentioned,0,Yes,0,Not Mentioned,0,Not Mentioned,0,Yes,0,Not Mentioned,0,Not Mentioned,0,Yes,0,Not Mentioned,0,Not Mentioned,0,Not Mentioned,0,Not Mentioned,0,Not Mentioned,0,Not Mentioned,0,Yes,0,Not Mentioned,0,Not Mentioned,0,Yes,0,Not Mentioned,0,Not Mentioned,0,Yes,0,Not Mentioned,0,Not Mentioned,0
"Any other penalty for schools if they are in violation (Yes, No, Maybe, Not mentioned)","Yes=0, No=1, Maybe=0.5, Not Mentioned=0",Not Mentioned,0,Not Mentioned,0,Yes,0,Yes,0,Yes,0,Yes,0,Not Mentioned,0,Not Mentioned,0,Yes,0,Not Mentioned,0,Not Mentioned,0,Yes,0,Yes,0,Not Mentioned,0,Yes,0,Not Mentioned,0,Not Mentioned,0,Not Mentioned,0,Not Mentioned,0,Not Mentioned,0,Not Mentioned,0,Yes,0,Yes,0,Not Mentioned,0,Yes,0,Not Mentioned,0,Not Mentioned,0,Yes,0,Not Mentioned,0,Not Mentioned,0
"Are schools provided with an opportunity to appeal (Yes, No, Maybe, Not mentioned)","Yes=1, No=0, Maybe=0.5, Not Mentioned=0",Not Mentioned,0,Not Mentioned,0,No,0,Yes,1,Yes,1,Yes,1,Not Mentioned,0,Yes,1,Yes,1,Not Mentioned,0,Not Mentioned,0,Yes,1,Not Mentioned,0,Not Mentioned,0,Yes,1,Yes,1,Not Mentioned,0,Not Mentioned,0,Not Mentioned,0,Not Mentioned,0,Not Mentioned,0,Yes,1,Yes,1,Not Mentioned,0,Yes,1,Not Mentioned,0,Not Mentioned,0,Yes,1,,,Not Mentioned,0
,,,,,,,,,,,,,,,,,,,,,,,,,,,,,,,,,,,,,,,,,,,,,,,,,,,,,,,,,,,,,
DOMAIN 4 Ease of Financial Mobiliation,,,0.1590909091,,0,,0.09090909091,,0.09090909091,,0.0303030303,,0.08060606061,,0,,0.01,,0.06060606061,,0.06060606061,,0.1060606061,,0.04545454545,,0.1136363636,,0.0303030303,,0.0303030303,,0.07575757576,,0,,0.06060606061,,0.0303030303,,0,,0,,0.0303030303,,0.07060606061,,0,,0.0403030303,,0.0303030303,,0,,0.09090909091,,0,,0.01515151515
1. Fee Collection and Utilization of Funds ,,,0,,0,,0,,0,,0,,0,,0,,0,,0,,0,,0,,0,,0,,0,,0,,0,,0,,0,,0,,0,,0,,0,,0,,0,,0,,0,,0,,0,,0,,0
Existence of Factors that determine fees leviable by private schools (Yes/No/May/Not Mentioned),"Yes=0, No=1, Maybe=0.5, Not Mentioned=0",Yes,0,Not Mentioned,0,Not Mentioned,0,Not Mentioned,0,Not Mentioned,0,Yes,0,Not Mentioned,0,,,Not Mentioned,0,Yes,0,Yes,0,Yes,0,Yes,0,Not Mentioned,0,Yes,0,Yes,0,Not Mentioned,0,Not Mentioned,0,Not Mentioned,0,Not Mentioned ,,Not Mentioned,0,Yes,0,Yes,0,Not Mentioned,0,Not Mentioned,0,Yes,0,Not Mentioned,0,Yes,0,Not Mentioned,0,Not Mentioned,0
"Prohibited actions against students/parents for non-payment of fees (Yes, No, Maybe, Not mentioned)","Yes=0, No=1, Maybe=0.5, Not Mentioned=0",Not Mentioned,0,Not Mentiioned,0,Not Mentioned,0,Not Mentioned,0,Not Mentioned,0,Not Mentioned,0,Not Mentioned,0,Not Mentioned,0,Not Mentioned,0,Not Mentioned,0,Not Mentiioned,0,Not Mentioned,0,Not Mentiioned,,Not Mentioned,0,Not Mentioned,0,Not Mentioned,0,Not Mentioned,0,Not Mentioned,0,Not Mentioned,0,Yes,0,Not Mentioned,0,Not Mentioned,0,Not Mentioned,0,Not Mentioned,0,Not Mentioned,0,Not Mentioned,0,Not Mentioned,0,Not Mentioned,0,Not Mentioned,0,,
Existence of provisions for regulating the revenues/savings used by the School (Yes/No/Maybe/Not Mentioned),"Yes=0, No=1, Maybe=0.5, Not Mentioned=0",Yes,0,Yes,0,Not Mentioned,0,Not Mentioned,0,Not Mentioned,0,Not Mentioned,0,Yes,0,Not Mentioned,0,Yes,0,Not Mentioned,0,Not Mentioned,0,Not Mentioned,0,Not Mentioned,0,Not Mentioned,0,Not Mentioned,0,Not Mentioned,0,Not Mentioned,0,Yes,0,Yes,0,Not Mentioned,0,Not Mentioned,0,Yes,0,Yes,0,Not Mentioned,0,Not Mentioned,0,Yes,0,Not Mentioned,0,Yes,0,Not Mentioned,0,Not Mentioned,0
,,,,,,,,,,,,,,,,,,,,,,,,,,,,,,,,,,,,,,,,,,,,,,,,,,,,,,,,,,,,,
2. Mechanism for Fee Approvals,,,0.2272727273,,0,,0.2727272727,,0.2727272727,,0.09090909091,,0.2418181818,,0,,0.03,,0.1818181818,,0.1818181818,,0.3181818182,,0.1363636364,,0.09090909091,,0.09090909091,,0.09090909091,,0.2272727273,,0,,0.1818181818,,0.09090909091,,0,,0,,0.09090909091,,0.2118181818,,0,,0.1209090909,,0.09090909091,,0,,0.2727272727,,0,,0.04545454545
"Existence of fee regulation framework for private unaided schools (Yes, No, Not Mentioned, Maybe)","Yes=0, No=1, Maybe=0.5, Not Mentioned=0",Yes,0,Yes,0,Yes,0,Yes,0,Yes,0,Yes,0,Yes,0,Yes,0,Yes,0,Yes,0,Yes,0,Yes,0,Yes,0,Not Mentioned,0,Yes,0,Yes,0,Not Mentioned,0,Not Mentioned,0,Yes,0,Yes,0,Yes,0,Yes,0,Yes,0,Not Mentioned,0,Yes,0,Yes,0,Not Mentioned,0,Yes,0,Not Mentioned,0,Maybe,0.5
"Components of fee structure (Entry fees for admission, re-admission fees, development fees, monthly tuition fees, annual fees and costs of books, teaching materials, uniform, transportation/Not Mentioned)

1. Admission & One-time Fees (Entry fees for admission
Re-admission fees, Development fees)=

2. Recurring School Fees (Monthly tuition fees,
Annual fees)=

3. Additional / Ancillary Costs (Costs of books
Teaching materials, Uniform, Transportation)=

4. Not Mentioned =","1. Admission & One-time Fees (Entry fees for admission
Re-admission fees, Development fees)=

2. Recurring School Fees (Monthly tuition fees,
Annual fees)=

3. Additional / Ancillary Costs (Costs of books
Teaching materials, Uniform, Transportation)=

4. Not Mentioned/Discretion = 0 

5. Absence of fee regulation framework =1
[1- (Number of Components Present÷ Maximum Number of Components]",Not Mentioned,0,Not Mentioned,0,Not Mentioned,0,Not Mentioned,0,Not Mentioned,0,"Admission & One-time Fees, Recurring School Fees.",0.33,Not Mentioned,0,Not Mentioned,0,Not Mentioned,0,Not Mentioned,0,Not Mentioned,0,Not Mentioned,0,Not Mentioned,0,Not Mentioned,0,"Admission & One-time Fees, Recurring School Fees, Additional / Ancillary Costs",0,"Admission & One-time Fees, Recurring School Fees, Additional / Ancillary Costs                                                                                                                                                                   ",0,Not Mentioned,0,Not Mentioned,0,Not Mentioned,0,Not Mentioned,0,Not Mentioned,0,Not Mentioned,0,Not Mentioned,0,Not Mentioned,0,Not Mentioned,0,Discretion,0,Not Mentioned,0,"Admission & One-time Fees, Recurring School Fees, Additional / Ancillary Costs",0,Not Mentioned,0,Not Mentioned,0
"Requirement to take prior approval for fee hikes (Yes, No, Maybe, Not mentioned)","Yes=0, No=1, Maybe=0.5, Not Mentioned=0",Yes,0,Not Mentioned,0,Yes,0,Yes,0,Yes,0,Yes,0,Not Mentioned,0,Yes,0,Not Mentioned,0,Not Mentioned,0,Yes,0,Yes,0,Not Mentioned,0,Not Mentioned,0,Yes,0,Yes,0,Not Mentioned,0,Not Mentioned,0,Yes,0,Not Mentioned,0,Not Mentioned,0,Not Mentioned,0,Yes,0,Not Mentioned,0,Not Mentioned,0,Not Mentioned,0,Not Mentioned,0,Yes,0,Not Mentioned,0,Not Mentioned,0
"Requirement to produce proposals from the fee regulatory committee (Yes, No, Maybe, Not mentioned)","Yes=0, No=1, Maybe=0.5, Not Mentioned=0",Maybe,0.5,Not Mentioned,0,Yes,0,Not Mentioned,0,Yes,0,Yes,0,Not Mentioned,0,Yes,0,Not Mentioned,0,Not Mentioned,0,Maybe,0.5,Yes,0,Not Mentioned,0,Not Mentioned,0,Yes,0,yes,0,Not Mentioned,0,Not Mentioned,0,Not Mentioned,0,Not Mentioned,0,Not Mentioned,0,Not Mentioned,0,Yes,0,Not Mentioned,0,Not Mentioned,0,Not Mentioned,0,Not Mentioned,0,Yes,0,Not Mentioned,0,Not Mentioned,0
"If the extent to which fee hikes are specified. (Yes, No, Maybe, Not mentioned)","Yes=0, No=1, Maybe=0.5, Not Mentioned=0",Not Mentioned,0,Not Mentioned,0,Yes,0,Yes,0,Yes,0,Not Mentioned,0,Not Mentioned,0,Not Mentioned,0,Yes,0,Yes,0,Maybe,0.5,Yes,0,Yes,0,Not Mentioned,0,Yes,0,Not Mentioned,0,Not Mentioned,0,No,1,Not Mentioned,0,Not Mentioned,0,Not Mentioned,0,Yes,0,Not Mentioned,0,Not Mentioned,0,Not Mentioned,0,Yes,0,Not Mentioned,0,Yes,0,Not Mentioned,0,Not Mentioned,0
Time within which fee caps can be revisited (Annually/In 2 years/In 3 years/Not Mentioned),"Annually=1, In 2 Years=0.66, In 3 Years=0.33, Not Mentioned=0",Not Mentioned,0,Not Mentioned,0,Annually,1,Annually,1,Not Mentioned,0,In 3 Years,0.33,Not Mentioned,0,In 3 years,0.33,Annually,1,Annually,1,Not Mentioned,0,Not Mentioned,0,Not Mentioned,0,Not Mentioned,0,Annually ,,Not Mentioned,0,Not Mentioned,0,Not Mentioned,0,Annually ,,Not Mentioned,0,Not Mentioned,0,Not Mentioned,0,In 3 years,0.33,Not Mentioned,0,In 3 years,0.33,Not Mentioned,0,Not Mentioned,0,Annually,1,Not Mentioned,0,Not Mentioned,0
"Existence of a fee regulation body (Yes, No, Maybe, Not mentioned)","Yes=0, No=1, Maybe=0.5, Not Mentioned=0",Yes,0,Not Mentioned,0,Yes,0,Yes,0,Yes,0,Yes,0,Not Mentioned,0,Yes,0,Yes,0,Yes,0,Yes,0,Yes,0,No,1,No,1,Yes,0,Yes,0,Not Mentioned,0,No,1,Yes,0,Not Mentioned,0,Not Mentioned,0,Yes,0,Yes,0,Not Mentioned,0,Yes,0,Not Mentioned,0,Not Mentioned,0,Yes,0,Not Mentioned,0,Not Mentioned,0
"If fee caps can be revisited from time to time (Yes, No, Maybe, Not mentioned) - ","Yes=1, No=0, Maybe=0.5, Not Mentioned=0",Yes,1,Not Mentioned,0,Yes,1,Yes,1,Not Mentioned,0,Yes,1,Not Mentioned,0,Not Mentioned,0,Yes,1,Yes,1,Yes,1,Maybe,0.5,Not Mentioned,0,Not Mentioned,0,Yes,1,Yes,1,Not Mentioned,0,Not Mentioned,0,Yes,1,Not Mentioned,0,Not Mentioned,0,Yes,1,Yes,1,Not Mentioned,0,Yes,1,Yes,1,Not Mentioned,0,Yes,1,Not Mentioned,0,Not Mentioned,0
"If the Fee Regulatory Committee has powers to inspect and audit fee structures (Yes, No, Maybe, Not Mentioned)","Yes=0, No=1, Maybe=0.5, Not Mentioned=0",Not Mentioned,0,Not Mentioned,0,Not Mentioned,0,Yes,0,Not Mentioned,0,Not Mentioned,0,Not Mentioned,0,Not Mentioned,0,Not Mentioned,0,Yes,0,Maybe,0.5,not mentioned,0,,,Not Mentioned,0,Yes,0,Yes,0,Not Mentioned,0,Not Mentioned,0,Not Mentioned,0,Not Mentioned,0,Not Mentioned,0,Not Mentioned,0,Yes,0,Not Mentioned,0,Yes,0,Not Mentioned,0,Not Mentioned,0,Not Mentioned,0,Not Mentioned,0,Not Mentioned,0
" If there is a representation from the Pvt. School in the fee regulatory body (Yes, No, Maybe, Not Mentioned)","Yes=1, No=0, Maybe=0.5, Not Mentioned=0",Yes,1,Not Mentioned,0,Yes,1,Yes,1,Yes,1,Yes,1,Not Mentioned,0,No,0,No ,0,No,0,Yes,1,Yes,1,Not Mentioned,0,Not Mentioned,0,No,0,Yes,1,Not Mentioned,0,Not Mentioned,0,Not Mentioned,0,Not Mentioned,0,Not Mentioned,0,Not Mentioned,0,Yes,1,Not Mentioned,0,No ,0,Not Mentioned,0,Not Mentioned,0,Yes,1,Not Mentioned,0,Not Mentioned,0
"If there is a deemed approval in case of time lapse (Yes, No, Maybe, Not Mentioned)","Yes=1, No=0, Maybe=0.5, Not Mentioned=0",Not Mentioned,0,Not Mentioned,0,Not Mentioned,0,Not Mentioned,0,Not Mentioned,0,Not Mentioned,0,Not Mentioned,0,Not Mentioned,0,Not Mentioned,0,Not Mentioned,0,Not Mentioned,0,Not Mentioned,0,Not Mentioned,0,Not Mentioned,0,Not Mentioned,0,Maybe,0.5,Not Mentioned,0,Not Mentioned,0,Not Mentioned,0,Not Mentioned,0,Not Mentioned,0,Not Mentioned,0,Not Mentioned,0,Not Mentioned,0,Not Mentioned,0,Not Mentioned,0,Not Mentioned,0,Not Mentioned,0,Not Mentioned,0,Not Mentioned,0
,,,,,,,,,,,,,,,,,,,,,,,,,,,,,,,,,,,,,,,,,,,,,,,,,,,,,,,,,,,,,
3. Regulation on Capitation Fees,,,0.25,,0,,0,,0,,0,,0,,0,,0,,0,,0,,0,,0,,0.25,,0,,0,,0,,0,,0,,0,,0,,0,,0,,0,,0,,0,,0,,0,,0,,0,,0
"If collection of capitation fees is prohibited (Yes, No, Maybe, Not mentioned) - Yes will have a higher score","Yes=0, No=1, Maybe=0.5, Not Mentioned=0",Yes,0,Yes,0,Yes,0,Yes,0,Yes,0,Yes,0,Yes,0,Yes,0,Yes,0,Yes,0,Yes,0,Yes,0,Yes,0,Yes,0,Yes,0,Yes,0,Yes,0,Yes,0,Not Mentioned,0,Yes,0,Yes,0,Yes,0,Yes,0,Yes,0,Yes,0,Yes,0,Not Mentioned,0,Yes,0,Yes,0,Not Mentioned,0
"Existence of monetary penalty for charging capitation fees (Yes, No, Maybe, Not mentioned)","Yes=0, No=1, Maybe=0.5, Not Mentioned=0",Not Mentioned,0,Not Mentioned,0,Not Mentioned,0,Not Mentioned,0,Not Mentioned,0,Not Mentioned,0,Not Mentioned,0,Not Mentioned,0,Not Mentioned,0,Not Mentioned,0,Yes,0,Not Mentioned,0,Yes,0,Not Mentioned,0,Not Mentioned,0,Yes,0,Not Mentioned,0,Not Mentioned,0,Not Mentioned,0,Not Mentioned ,,Not Mentioned,0,Not Mentioned,0,Not Mentioned,0,Not Mentioned,0,Not Mentioned,0,Yes,0,Not Mentioned,0,Yes,0,Yes,0,Not Mentioned,0
"If schools are penalised for charging capitation fees (Yes, No, Maybe, Not mentioned)","Yes=0, No=1, Maybe=0.5, Not Mentioned=0",Not Mentioned,0,Not Mentioned,0,Not Mentioned,0,Not Mentioned,0,Not Mentioned,0,Not Mentioned,0,Not Mentioned,0,Not Mentioned,0,Not Mentioned,0,Not Mentioned,0,Not Mentiioned,0,Not Mentioned,0,Yes,0,Not Mentioned,0,Not Mentioned,0,Yes,0,Not Mentioned,0,Not Mentioned,0,Not Mentioned,0,Not Mentioned ,,Not Mentioned,0,Not Mentioned,0,Not Mentioned,0,Not Mentioned,0,Not Mentioned,0,Yes,0,Not Mentioned,0,Not Mentioned,0,Not Mentioned,0,Not Mentioned,0
"If collection of capitation fees is allowed under certain circumstances (Yes, No, Maybe, Not mentioned)","Yes=0, No=1, Maybe=0.5, Not Mentioned=0",No,1,Not Mentioned,0,Yes,0,Not Mentioned,0,Not Mentioned,0,Not Mentioned,0,Not Mentioned,0,Not Mentioned,0,Not Mentioned,0,Not Mentioned,0,Not Mentiioned,0,Not Mentioned,0,No,1,Not Mentioned,0,Not Mentioned,0,Not Mentioned,0,Not Mentioned,0,Not Mentioned,0,Yes,0,Not Mentioned ,,Not Mentioned,0,Not Mentioned,0,Not Mentioned,0,Not Mentioned,0,Not Mentioned,0,Not Mentioned,0,Not Mentioned,0,Not Mentioned,0,Not Mentioned,0,Not Mentioned,0
,,,,,,,,,,,,,,,,,,,,,,,,,,,,,,,,,,,,,,,,,,,,,,,,,,,,,,,,,,,,,
DOMAIN 5: Ease of School Lifecycle Operations,,,0.06666666667,,0.06666666667,,0.06666666667,,0.06666666667,,0.06666666667,,0.06666666667,,0.1,,0.075,,0.09166666667,,0.06666666667,,0.05,,0.06666666667,,0.06666666667,,0.06666666667,,0.06666666667,,0.05,,0.06666666667,,0.06666666667,,0.06666666667,,0.075,,0.05833333333,,0.1166666667,,0.075,,0.06666666667,,0.05833333333,,0.1166666667,,0.06666666667,,0.06666666667,,0.06666666667,,0.05
1. School Entry Requirements,,,0,,0,,0,,0,,0,,0,,0,,0,,0,,0,,0,,0,,0,,0,,0,,0,,0,,0,,0,,0,,0,,0.25,,0,,0,,0,,0.25,,0,,0,,0,,0
If schools have to take permission to establish themselves (Yes/No/Maybe/Not Mentioned) ,"Yes=0, No=1, Not Mentioned=0, Maybe=0.5",Yes,0,Not mentioned ,0,Yes,0,Not Mentioned,0,Not Mentioned,0,Not Mentioned,0,Yes,0,Yes,0,Yes,0,Yes,0,Yes,0,Not Mentioned,0,Not Mentioned,0,Yes,0,Not Mentioned,0,Yes,0,Yes,0,Yes,0,Yes,0,Yes,0,Yes,0,Maybe,0.5,Not Mentioned,0,Not Mentioned,0,Yes,0,Yes,0,Not Mentioned,0,Not Mentioned,0,Not Mentioned,0,Not Mentioned,0
"Existence of withdrawal of permission to establish (Yes, No, Maybe, Not mentioned)","Yes=0, No=1, Maybe=0.5, Not Mentioned=0",Yes,0,Not Mentioned,0,Yes,0,Not Mentioned,0,Not Mentioned,0,Not Mentioned,0,Not mentioned,0,Not Mentioned,0,Not Mentioned,0,Not Mentioned,0,Not Mentioned,0,Not Mentioned,0,Not Mentioned,0,Yes,0,Not Mentioned,0,Yes,0,Not Mentioned,0,Not Mentioned,0,Not Mentioned,0,Not Mentioned,0,Yes,0,Not Mentioned,0,Yes,0,Not Mentioned,0,Not Mentioned,0,Maybe,0.5,Yes,0,Not Mentioned,0,Not Mentioned,0,Not Mentioned,0
,,,,,,,,,,,,,,,,,,,,,,,,,,,,,,,,,,,,,,,,,,,,,,,,,,,,,,,,,,,,,
2. School Operation and Expansion Requirements ,,,0,,0,,0,,0,,0,,0,,0.125,,0,,0,,0,,0,,0,,0,,0,,0,,0,,0,,0,,0,,0,,0,,0,,0,,0,,0,,0,,0,,0,,0,,0
Need for Schools to get recognition from the Govt. (Yes/No/Maybe/Not Mentioned),"Yes=0, No=1, Maybe=0.5, Not Mentioned=0",Yes,0,Yes,0,Yes,0,Yes,0,Yes,0,Yes,0,Yes,0,Yes,0,Yes,0,Yes,0,Yes,0,Yes,0,Yes,0,Yes,0,Yes,0,Yes,0,Yes,0,Yes,0,Yes,0,Yes,0,Yes,0,Yes,0,Yes,0,Yes,0,Yes,0,Yes,0,Yes,0,Yes,0,Yes,0,Yes,0
If schools can do dual shifts. (Yes/No/Maybe/Not Mentioned),"Yes=1, No=0, Maybe=0.5, Not Mentioned=0",Not Mentioned ,0,Not Mentioned ,0,Not Mentioned ,0,Not Mentioned,0,Not Mentioned,0,Not Mentioned,0,Maybe,0.5,Not Mentioned,0,May be,,Not Mentioned,0,Not Mentioned,0,Not Mentioned,0,Not Mentioned,0,Not Mentioned,0,Not Mentioned,0,Not Mentioned,0,Not Mentioned,0,Not Mentioned,0,Not Mentioned,0,No,0,Not Mentioned,0,Not Mentioned,0,Not Mentioned,0,Not Mentioned,0,Not Mentioned,0,Not allowed,,Not Mentioned,0,Not Mentioned,0,Not Mentioned,0,Not Mentioned,0
"If recognition can be withdrawn (Yes, No, Maybe, Not mentioned)","Yes=0, No=1, Maybe=0.5, Not Mentioned=0",Yes,0,Yes,0,Yes,0,Yes,0,Not Mentioned,0,Yes,0,Not mentioned,0,Yes,0,Not Mentioned,0,Not Mentioned,0,Yes,0,Yes,0,Not Mentioned,0,Yes,0,Yes,0,Yes,0,Yes,0,Not Mentioned,0,Yes,0,Yes,0,Yes,0,Yes,0,Yes,0,Yes,0,Yes,0,Yes,0,Yes,0,Yes,0,Yes,0,Yes,0
If schools have to express the need for upgrading schools (Requirement to produce letter of intent) (Yes/No/Maybe/Not Mentioned),"Yes=0, No=1, Discretion=0.5, Not Mentioned=0",Yes,0,Yes,0,Yes,0,Not Mentioned,0,Yes,0,Yes,0,Yes,0,Yes,0,Yes,0,Not Mentioned,0,Yes,0,Not Mentioned,0,Yes,0,Yes,0,Yes,0,Yes,0,Yes,0,Not Mentioned,0,Yes,0,Yes,0,Not Mentioned,0,Not Mentioned,0,Not Mentioned,0,Not Mentioned,0,Yes,0,Yes,0,Not Mentioned,0,Yes,0,Yes,0,Yes,0
,,,,,,,,,,,,,,,,,,,,,,,,,,,,,,,,,,,,,,,,,,,,,,,,,,,,,,,,,,,,,
3. Board Affiliation,,,0.3333333333,,0.3333333333,,0.3333333333,,0.3333333333,,0.3333333333,,0.3333333333,,0.375,,0.375,,0.4583333333,,0.3333333333,,0.25,,0.3333333333,,0.3333333333,,0.3333333333,,0.3333333333,,0.25,,0.3333333333,,0.3333333333,,0.3333333333,,0.375,,0.2916666667,,0.3333333333,,0.375,,0.3333333333,,0.2916666667,,0.3333333333,,0.3333333333,,0.3333333333,,0.3333333333,,0.25
Existence of a prescribed inspection procedure for granting affiliation (Yes/No/May/Not Mentioned),"Yes=0, No=1, Discretion=0.5, Not Mentioned=0",Yes,0,Yes,0,Yes,0,Yes,0,Yes,0,Not Mentioned,0,Yes,0,Yes,0,Yes,0,Yes,0,Yes,0,Yes,0,Yes,0,Not Mentioned,0,Yes,0,Yes,0,Yes,0,Yes,0,Yes,0,Yes,0,Yes,0,Yes,0,Yes,0,Yes,0,Yes,0,Yes,0,Yes,0,Yes,0,Yes,0,Yes,0
Eligibility to get affiliation from the board (Enrolment Rate/Not Mentioned/No. of Schools in Area/Based on infrastructures/Recognition from State Govt),"Not Mentioned=1, Enrolment Rate=, No. of Schools in Area=, Based on infrastructures=, Recognition from State Govt=

[1- (Number of Components Present÷ Maximum Number of Components)]",Not mentioned ,1,Not mentioned ,1,Not Mentioned ,1,Based on infrastructures,0.75,Not Mentioned,1,Not Mentioned,1,Based on infrastructures,0.75,Based on infrastructures,0.75,Not Mentioned,1,Based on infrastructures,0.75,"Based on infrastructure, no. of schools in the area, recognition from state government",0.25,Not Mentioned,1,Not Mentioned,1,Not Mentioned,1,Not Mentioned,1,"Based on infrastructure, recognition from state government, ",0.5,Not Mentioned,1,Not Mentioned,1,Recognition from State Government,0.75,Not Mentioned,1,Recognition from state govt,0.75,Recognition from state govt,0.75,Recognition,0.75,Not Mentioned,1,Recognition from state govt,0.75,Not Mentioned,1,Not Mentioned,1,Not Mentioned,1,Not Mentioned,1,"Based on infrastructures, Enrolment rate, ",0.5
"If there is a Criteria for granting affiliation (Yes, No, Maybe, Not Mentioned)","Yes=0, No=1, Maybe=0.5, Not Mentioned=0",Not mentioned ,0,Not mentioned ,0,Yes,0,Yes,0,Not mentioned ,,Not Mentioned,0,Yes,0,Yes,0,Not Mentioned,0,Yes,0,yes,0,Not Mentioned,0,Not Mentioned,0,Not Mentioned,0,Not Mentioned,0,Not Mentioned,0,Not Mentioned,0,Not Mentioned,0,Yes,0,Yes,0,Yes,0,Yes,0,Yes,0,Not Mentioned,0,Not Mentioned,0,Not Mentioned,0,Not Mentioned,0,Not Mentioned,0,Not Mentioned,0,Not Mentioned,0
"Creteria for granting affiliation:

1. Building Infrastructure (sufficiency of fire equipment, separate entry and exit, separate washrooms for boys and girls, adequate classroom space, good road links, existence of playground, favourable location, adequate furniture, teacher's room availability,)
2. Teaching & Learning Infrastructure (existence of library, existence of science laboratories,)
3. Duties of Management (employee benefits, published service rules, existence of managing committee, selection committee for recruiting teachers, arrangement for medical check ups, regulated fee structure,)
4. Enrolment
5. Not Mentioned
6. No Criteria","Building Infrastructure=, Teaching & Learning Infrastructure=, Duties of Management=, Enrolment=, Not Mentioned=0, No Criteria=1 

[1- (Number of Components Present÷ Maximum Number of Components]",Not mentioned ,0,Not mentioned ,0,Not mentioned ,0,"Building Infrastructure, Teaching & Learning Infrastructure, Duties of Management",0.25,Not mentioned ,0,Not Mentioned,0,"Building Infrastructure, Teaching & Learning",0.5,"Building Infrastructure, Teaching & Learning",0.5,Duties of Management,0.75,"Building Infrastructure, Teaching & Learning Infrastructure, Duties of Management",0.25,"Building Infrastructure, Teaching & Learning Infrastructure, Duties of Management",0.25,Not Mentioned,0,Not Mentioned,0,Not Mentioned,,Not Mentioned,0,Not Mentioned,0,Not Mentioned,0,Not Mentioned,0,"Building Infrastructure, Teaching & Learning Infrastructure, Duties of Management",0.25,"Building Infrastructure, Teaching & Learning Infrastructure, Enrolment",0.25,"Building Infrastructure, Teaching & Learning Infrastructure, Duties of Management, Enrolment",0,"Building Infrastructure, Teaching & Learning Infrastructure, Duties of Management",0.25,"Building Infrastructure, Duties of Management",0.5,Not Mentioned,0,Not Mentioned,0,Not Mentioned,0,Not Mentioned,0,Not Mentioned,0,Not Mentioned,0,Not Mentioned,0
Any criteria conflicting with recognition norms. (Yes/No/Maybe/Not Mentioned),"Yes=0, No=1, Maybe=0.5",No,1,No ,1,No ,1,No,1,No,1,No ,1,No,1,No,1,No ,1,No ,1,No ,1,No ,1,No ,1,No ,1,No ,1,No ,1,No ,1,No ,1,No ,1,No,1,No,1,No ,1,No,1,No ,1,No ,1,No ,1,No ,1,No ,1,No ,1,No ,1
Existence of consequence for violation of affiliation norms (Yes/No/Maybe/Not Mentioned),"Yes=0, No=1, Maybe=0.5, Not Mentioned=0",Not Mentioned,0,Not Mentioned,0,Not Mentioned,0,Yes,0,Yes,0,Not Mentioned,0,Yes,0,Not Mentioned,0,Yes,0,Not Mentioned,0,Yes,0,Not mentioned,0,Not Mentioned,0,Not Mentioned,0,Yes,0,Yes,0,Not Mentioned,0,Not Mentioned,0,Yes,0,Yes,0,Yes,0,Yes,0,Not Mentioned,0,Not Mentioned,0,Not Mentioned,0, Not Mentioned,,Yes,0,Yes,0,Not Mentioned,0,Not Mentioned,0
,,,,,,,,,,,,,,,,,,,,,,,,,,,,,,,,,,,,,,,,,,,,,,,,,,,,,,,,,,,,,
4. Voluntary Exit ,,,0,,0,,0,,0,,0,,0,,0,,0,,0,,0,,0,,0,,0,,0,,0,,0,,0,,0,,0,,0,,0,,0,,0,,0,,0,,0,,0,,0,,0,,0
"School management disallowed to voluntarily close a school (Yes, No, Maybe, Not Mentioned)","Yes=0, No=1, Maybe=05, Not Mentioned=0",Not Mentioned ,0,Yes,0,Not Mentioned ,0,Not Mentioned,0,Not Mentioned,0,Not Mentioned,0,Not Mentioned,0,Not Mentioned,0,Not Mentioned,0,Yes,0,Not Mentioned,0,Not Mentioned,0,Not Mentioned,0,Not Mentioned,0,Not Mentioned,0,Yes,0,Not Mentioned,0,Not Mentioned,0,Yes,0,Not Mentioned,0,Not Mentioned,0,Not Mentioned,0,Not Mentioned,0,Not Mentioned,0,Yes,0,Yes,0,Not Mentioned,0,Not Mentioned,0,Not Mentioned,0,Not Mentioned,0
"Existence of penalties for shutting down schools without prior approval (Yes, No, Maybe, Not Mentioned)","Yes=0, No=1, Maybe=0.5, Not Mentioned=0",Not Mentioned ,0,Yes,0,Not Mentioned ,0,Not Mentioned,0,Not Mentioned,0,Not Mentioned,0,Not Mentioned,0,Not Mentioned,0,Not Mentioned,0,Yes,0,Not Mentioned,0,Not Mentioned,0,Not Mentioned,0,Not Mentioned,0,Not Mentioned,0,Yes,0,Not Mentioned,0,Not Mentioned,0,Not Mentioned,0,Not Mentioned,0,Not Mentioned,0,Not Mentioned,0,Not Mentioned,0,Not Mentioned,0,Not Mentioned,0,Not Mentioned,0,Not Mentioned,0,Not Mentioned,0,Not Mentioned,0,Not Mentioned,0
,,,,,,,,,,,,,,,,,,,,,,,,,,,,,,,,,,,,,,,,,,,,,,,,,,,,,,,,,,,,,
5. Forced Exit ,,,0,,0,,0,,0,,0,,0,,0,,0,,0,,0,,0,,0,,0,,0,,0,,0,,0,,0,,0,,0,,0,,0,,0,,0,,0,,0,,0,,0,,0,,0
"If schools are shut down after withdrawal of recognition (Yes, No, Maybe, Not mentioned)","Yes=0, No=1, Maybe=0.5, Not Mentioned=0",Yes,0,Not Mentioned,0,Yes,0,Yes,0,Not Mentioned,0,Yes,0,Not Mentioned,0,Not Mentioned,0,Not Mentioned,0,Yes,0,Yes,0,Not Mentioned,0,Not Mentioned,0,Yes,0,Not Mentioned,0,Not Mentioned,0,Yes,0,Not Mentioned,0,Yes,0,Not Mentioned,0,Yes,0,Not Mentioned,0,Not Mentioned,0,Not Mentioned,0,Yes,0,Not Mentioned,0,Not Mentioned,0,Not Mentioned,0,Not Mentioned,0,Not Mentioned,0
"If property is taken over after withdrawal of recognition (Yes, No, Maybe, Not Mentioned)","Yes=0, No=1, Maybe=0.5, Not Mentioned=0",Not Mentioned,0,Not Mentioned,0,Not Mentioned,0,Not Mentioned,0,Not Mentioned,0,Not Mentioned,0,Yes,0,Not Mentioned,0,Not Mentioned,0,Not Mentioned,0,Not Mentioned,0,Not Mentioned,0,Not Mentioned,0,Not Mentioned,0,Not Mentioned,0,Not Mentioned,0,Yes,0,Not Mentioned,0,Not Mentioned,0,Not Mentioned,0,Not Mentioned,0,Not Mentioned,0,Not Mentioned,0,Not Mentioned,0,Not Mentioned,0,Yes,0,Not Mentioned,0,Not Mentioned,0,Not Mentioned,0,Not Mentioned,0
,,,,,,,,,,,,,,,,,,,,,,,,,,,,,,,,,,,,,,,,,,,,,,,,,,,,,,,,,,,,,
DOMAIN 6: Ease of Institutional Autonomy,,,0.375,,0.0725,,0.3125,,0.28125,,0.1875,,0.125,,0.0725,,0.125,,0.1875,,0.21875,,0.3125,,0.3125,,0.0725,,0.28125,,0.375,,0.125,,0.125,,0.15625,,0.09375,,0.375,,0.26,,0.25,,0.125,,0.125,,0.0725,,0.47875,,0.125,,0.125,,0.1875,,0.21875
1. Payment of Salaries,,,0.5,,0,,0.5,,0.25,,0,,0,,0,,0,,0,,0.25,,0.5,,0.25,,0,,0.25,,0.5,,0,,0,,0,,0,,0.5,,0.25,,0.25,,0,,0,,0,,0.5,,0,,0,,0.25,,0
Fixation of salary for teaching and non-teaching staff of the school. (State/SMC/Not Mentioned),"State=0, SMC=1, Not Mentioned=0.5",SMC,1,State Government,0,SMC,1,Not Mentioned ,0.5,State,0,State,0,State,0,State,0,State,0,Not Mentioned,0.5,SMC,1,Not Mentioned,0.5,State,0,Not Mentioned,0.5,SMC,1,State,0,State,0,State,0,State,0,SMC,1,Not Mentioned,0.5,Not Mentioned,0.5,State,0,State,0,State,0,SMC,1,State,0,State,0,Not Mentioned,0.5,State,0
If teachers have to be provided salaries equivalent to pay commission scales (Yes/No/Not mentioned/Maybe),"Yes=0, No=1, Maybe=0.5, Not Mentioned=0",Not Mentioned,0,Not Mentioned,0,Not Mentioned,0,Not Mentioned ,0,Not Mentioned,0,Yes,0,not mentioned,0,Not Mentioned,0,Not Mentioned,0,Not Mentioned,0,Not Mentioned,0,Not Mentioned,0,Yes,0,Not Mentioned,0,Not Mentioned,0,Not Mentioned,0,Yes,0,Yes,0,Not Mentioned,0,Not Mentioned,0,Not Mentioned,0,Not Mentioned,0,Not Mentioned,0,Not Mentioned,0,Not Mentioned,0,Not Mentioned,0,Not Mentioned,0,Not Mentioned,0,Not Mentioned,0,Not Mentioned,0
,,,,,,,,,,,,,,,,,,,,,,,,,,,,,,,,,,,,,,,,,,,,,,,,,,,,,,,,,,,,,
2. Self Governance,,,0.25,,0.145,,0.125,,0.3125,,0.375,,0.25,,0.145,,0.25,,0.375,,0.1875,,0.125,,0.375,,0.145,,0.3125,,0.25,,0.25,,0.25,,0.3125,,0.1875,,0.25,,0.27,,0.25,,0.25,,0.25,,0.145,,0.4575,,0.25,,0.25,,0.125,,0.4375
"Requirement to constitute an SMC (Yes, No, Maybe, Not mentioned)","Yes=0, No=1, Maybe=0.5, Not Mentioned=0",Maybe,0.5,Maybe,0.5,Yes,0,Maybe,0.5,No,1,No,1,Maybe,0.5,No,1,No,1,Maybe,0.5,Yes,0,Maybe,0.5,Maybe,0.5,Maybe,0.5,No,1,No,1,No,1,Maybe,0.5,Maybe,0.5,No,1,Maybe,0.5,No,1,No,1,No,1,Maybe,0.5,Maybe,0.5,No,1,No,1,No ,,Maybe,0.5
"Requirement to re-constitute an SMC (Yes, No, Maybe, Not mentioned)","Yes=0, No=1, Maybe=0.5, Not Mentioned=0",Yes,0,Yes,0,Yes,0,Not Mentioned,0,No,1,Not Mentioned,0,Yes,0,Not Mentioned,0,Not Mentioned,0,Not Mentioned,0,Not Mentioned,0,Not Mentioned,0,Yes,0,Not Mentioned,0,Not Mentioned,0,Not Mentioned,0,Not Mentioned,0,Not Mentioned,0,Not Mentioned,0,Not Mentioned,0,Yes,0,Not Mentioned,0,Not Mentioned,0,Not Mentioned,0,Yes,0,Maybe,0.5,Not Mentioned,0,Not Mentioned,0,Not Mentioned,0,Maybe,0.5
Minimum number of members to constitute an SMC (5-15/Not Mentioned),"1-4= 1, 5-8=0.5, 9-12=0, Not Mentioned= 0",6,0.5,9,0,9,0,Not Mentioned,0,Not Mentioned,0,Not Mentioned,0,12,0,Not Mentioned,0,Not Mentioned,0,Not Mentioned,0,Not Mentioned,0,8,0.5,11,0,Not Mentioned,0,Not Mentioned,0,Not Mentioned,0,Not Mentioned,0,Not Mentioned,0,10,0,Not Mentioned,0,Not Mentioned,0,Not Mentioned,0,Not Mentioned,0,Not Mentioned,0,9,0,7,0.5,Not Mentioned,0,Not Mentioned,0,Not Mentioned,0,12,0
"Requirement to accommodate parents/guardians as an SMC member  (Yes, No, Maybe, Not mentioned)","Yes=0, No=1, Maybe=0.5, Not Mentioned=0",Yes,0,Yes,0,Yes,0,,,Not Mentioned,0,Not Mentioned,0,Yes,0,Not Mentioned,0,Not Mentioned,0,Not Mentioned,0,Yes,0,Not Mentioned,0,Yes,0,Not Mentioned,0,Not Mentioned,0,Not Mentioned,0,Not Mentioned,0,Not Mentioned,0,Yes,0,Not Mentioned,0,Not Mentioned,0,Not Mentioned,0,Not Mentioned,0,Not Mentioned,0,Yes,0,Maybe,0.5,Not Mentioned,0,Not Mentioned,0,Not Mentioned,0,Maybe,0.5
"Time period to re-constitute an SMC (Yearly, Bi-annually, Once in 2/3 years, Not specified)","Yearly=0.33, Bi-Annually=0, Once in 2/3 years=0.66, Not Specified/Not Mentioned=1",Not specified,1,Once in three years,0.66,Not specified,1,Not Specified,1,Not Specified,1,Not Mentioned,1,2 Year,0.66,Not Mentioned,1,Not Mentioned,1,Not Mentioned,1,Not Mentioned,1,Not Mentioned,1,Once in 2 Years,0.66,Not Mentioned,1,Not Mentioned,1,Not Mentioned,1,Not Mentioned,1,Not Mentioned,1,Not Mentioned,1,Not Mentioned,1,Once in 3 years,0.66,Not Mentioned,1,Not Mentioned,1,Not Mentioned,1,After 3 years,0.66,3 years,0.66,Not Mentioned,1,Not Mentioned,1,Not Mentioned,1,Not specified,1
"Power to remove an SMC member  (Yes, No, Maybe, Not mentioned)","Yes=0, No=1, Maybe=0.5, Not Mentioned=0",Not Mentioned,0,Not Mentioned,0,Yes,0,Not Mentioned,0,Not Mentioned,0,Not Mentioned,0,Not Mentioned,0,Not Mentioned,0,Not Mentioned,0,Not Mentioned,0,Not Mentioned,0,Not Mentioned,0,Not Mentioned,0,Yes,0,Not Mentioned,0,Not Mentioned,0,Not Mentioned,0,Not Mentioned,0,Yes,0,Not Mentioned,0,Yes,0,Not Mentioned,0,Not Mentioned,0,Not Mentioned,0,Not Mentioned,0,Maybe,0.5,Not Mentioned,0,Not Mentioned,0,Not Mentioned,0,Not mentioned,0
"Mandate to disband SMC in certain cirumstances   (Yes, No, Maybe, Not mentioned)","Yes=0, No=1, Maybe=0.5, Not Mentioned=0",Not Mentioned,0,Not Mentioned,0,Not Mentioned,0,Yes,0,Not Mentioned,0,Yes,0,Not Mentioned,0,Not Mentioned,0,Not Mentioned,0,Not Mentioned,0,Not Mentioned,0,Yes,0,Not Mentioned,0,Not Mentioned,0,Not Mentioned,0,Not Mentioned,0,Not Mentioned,0,Not Mentioned,0,Yes,0,Not Mentioned,0,Yes,0,Not Mentioned,0,Not Mentioned,0,Not Mentioned,0,Not Mentioned,0,Not Mentioned,0,Not Mentioned,0,Not Mentioned,0,Not Mentioned,0,Maybe,0.5
"If the SMC is provided with an opportunity of being heard, before taking adverse action against it (Yes, No, Maybe, Not mentioned)","Yes=1, No=0, Maybe=0.5, Not Mentioned=0",Not Mentioned,0,Not Mentioned,0,Not Mentioned,0,Yes,1,Not Mentioned,0,Not Mentioned,0,Not Mentioned,0,Not Mentioned,0,Yes,1,Not Mentioned,0,Not Mentioned,0,Yes,1,Not Mentioned,0,Yes,1,Not Mentioned,0,Not Mentioned,0,Not Mentioned,0,Yes,1,Not Mentioned,0,Not Mentioned,0,Yes,1,Not Mentioned,0,Not Mentioned,0,Not Mentioned,0,Not Mentioned,0,Maybe,0.5,Not Mentioned,0,Not Mentioned,0,Not Mentioned,0,Maybe,0.5
,,,,,,,,,,,,,,,,,,,,,,,,,,,,,,,,,,,,,,,,,,,,,,,,,,,,,,,,,,,,,
,Final Score,,0.2693092602,,0.1679654304,,0.2445230048,,0.2533585512,,0.1917454074,,0.2103681041,,0.1577407662,,0.1726288156,,0.2616664863,,0.2114833361,,0.2159546981,,0.2378336178,,0.160836143,,0.24001998,,0.1863168359,,0.2275899378,,0.2051465201,,0.1919977592,,0.1626737499,,0.1882310745,,0.2093050214,,0.2193137071,,0.1782859155,,0.1178292888,,0.1598230936,,0.2926306333,,0.1904296398,,0.1638236,,0.1702590049,,0.1664217727
,,,,,,,,,,,,,,,,,,,,,,,,,,,,,,,,,,,,,,,,,,,,,,,,,,,,,,,,,,,,,
,National Average,0.2008503719,,,,,,,,,,,,,,,,,,,,,,,,,,,,,,,,,,,,,,,,,,,,,,,,,,,,,,,,,,,